golden_company_id,golden_project_id,SOURCE_ID,PROJECT_NAME
id_7b0b6ecfc5,id_11d6e1d495,id_5ddce7c81a,project__96a4ddb2e1
id_7b0b6ecfc5,id_615e6cfb2a,id_615e6cfb2a,project__c6671e1cbc
id_7b0b6ecfc5,id_2a69e7125e,id_4d58a67891,project__a232e86e93
id_7b0b6ecfc5,id_f86e46b392,id_94143bd109,project__c8c4b67043
id_7b0b6ecfc5,id_6ab5c9ed11,id_b43447f911,project__22754fb348
id_7b0b6ecfc5,id_441377ef9e,id_441377ef9e,project__4c8cf570b7
id_7b0b6ecfc5,id_8a3cabfd61,id_8a3cabfd61,project__b433827a73
id_7b0b6ecfc5,id_218d8e98bc,id_218d8e98bc,project__06d8b185e4
id_7b0b6ecfc5,id_be26cbf5bd,id_6fcdc43038,project__8ddb1acaae
id_7b0b6ecfc5,id_9faf6c8568,id_9faf6c8568,project__1fa34c0c33
id_7b0b6ecfc5,id_7b3b944a0d,id_1b77742ac7,project__86a589c8b8
id_7b0b6ecfc5,id_88fb4ead5a,id_d42203899c,project__6e146591bc
id_7b0b6ecfc5,id_c06aed45af,id_c06aed45af,project__7ffb5b62f3
id_7b0b6ecfc5,id_2a69e7125e,id_7780870ccb,project__a232e86e93
id_7b0b6ecfc5,id_70e2e013e1,id_70e2e013e1,project__3b0202aa29
id_7b0b6ecfc5,id_3662cebee8,id_3662cebee8,project__34f7f37747
id_7b0b6ecfc5,id_192db14972,id_fb8f4ed2bc,project__efab71d484
id_7b0b6ecfc5,id_6666efddc4,id_0d55952015,project__9920d8c3d9
id_7b0b6ecfc5,id_eed8e25307,id_48ac3b4aa4,project__eaf21ddd7c
id_7b0b6ecfc5,id_174ff44de0,id_174ff44de0,project__9bebbcd3cc
id_7b0b6ecfc5,id_e9dd04442c,id_e9dd04442c,project__4f26984422
id_7b0b6ecfc5,id_63b8d92458,id_63b8d92458,project__a232e86e93
id_7b0b6ecfc5,id_caf69b2ff4,id_caf69b2ff4,project__3e82a2fcb5
id_7b0b6ecfc5,id_a59e5ce2df,id_b076d84bf9,project__3ca9f8a762
id_7b0b6ecfc5,id_572e7d9f99,id_572e7d9f99,project__d31cca47d3
id_7b0b6ecfc5,id_93c7532b51,id_93c7532b51,project__947b1186d6
id_7b0b6ecfc5,id_bf8d4fcc38,id_2f06a35005,project__1fead38cc1
id_7b0b6ecfc5,id_ff66e3d088,id_c41d412d8d,project__3fa40bd198
id_7b0b6ecfc5,id_ca7ee14680,id_ca7ee14680,project__e3ce6f20b3
id_7b0b6ecfc5,id_dcdc874787,id_dcdc874787,project__8f010b2c34
id_7b0b6ecfc5,id_2e35935288,id_8d53653e81,project__f1873650c9
id_7b0b6ecfc5,id_875e307b31,id_56677269ae,project__0e5004e5d4
id_7b0b6ecfc5,id_5e4d3f20a2,id_62d63f11aa,project__b57fea5ed3
id_7b0b6ecfc5,id_9b96d018c3,id_9b96d018c3,project__cc196c8109
id_7b0b6ecfc5,id_8a3cabfd61,id_5eaaed3789,project__b433827a73
id_7b0b6ecfc5,id_1cc3650946,id_1cc3650946,project__6e5c1ed82c
id_7b0b6ecfc5,id_49172e849e,id_49172e849e,project__bc2640c59f
id_7b0b6ecfc5,id_faa045fdf7,id_faa045fdf7,project__44cc486af5
id_7b0b6ecfc5,id_2ae7755d4e,id_e41ecbfc39,project__7f46dff5f9
id_7b0b6ecfc5,id_1207db3278,id_c84922731b,project__2296d86422
id_7b0b6ecfc5,id_4f71c24be7,id_9a526e0022,project__b7d3e9e18a
id_7b0b6ecfc5,id_9e8301afcf,id_9e8301afcf,project__e80ff10963
id_7b0b6ecfc5,id_17552e6735,id_d0acc8a907,project__d89b6042fd
id_7b0b6ecfc5,id_fd5db4ce4a,id_74e6403c3f,project__577f0e6f0c
id_7b0b6ecfc5,id_e5a78f7cae,id_b352c4cc01,project__fcd71817ca
id_7b0b6ecfc5,id_4099a04a88,id_02bd43834d,project__4ee7e55820
id_7b0b6ecfc5,id_9a25048273,id_9a25048273,project__1718afccee
id_7b0b6ecfc5,id_d96f1685b8,id_d96f1685b8,project__64310f7a77
id_7b0b6ecfc5,id_5e4d3f20a2,id_8c536b0bb5,project__80ac52497b
id_7b0b6ecfc5,id_966070e989,id_156dadb2b6,project__7bb477de0a
id_7b0b6ecfc5,id_ff05a795c7,id_50770d4fc8,project__2088d87da8
id_7b0b6ecfc5,id_9c6d9ff1af,id_9c6d9ff1af,project__c1219169f9
id_7b0b6ecfc5,id_3b2f0a19bb,id_ac31d00162,project__aa81bbeb2e
id_7b0b6ecfc5,id_cdfb3800fe,id_80e0abcb4d,project__52c2d33fc0
id_7b0b6ecfc5,id_ddebdf5a1c,id_0e8c5f5c93,project__62d84eb99c
id_7b0b6ecfc5,id_903f07036e,id_d9899a544c,project__2420e8651a
id_7b0b6ecfc5,id_92c8c39226,id_92c8c39226,project__5f8df86a5c
id_7b0b6ecfc5,id_ff541236dc,id_f968c281c3,project__5ffcdea811
id_7b0b6ecfc5,id_1d1266f6cd,id_69224785b1,project__d132e8fbd0
id_7b0b6ecfc5,id_50ae50cfcb,id_50ae50cfcb,project__c01c954208
id_7b0b6ecfc5,id_6ab5c9ed11,id_5f95c9bb1d,project__22754fb348
id_7b0b6ecfc5,id_84269b7a08,id_54a1cdf84f,project__b83180e688
id_7b0b6ecfc5,id_fe6634de86,id_b5fbae4e4f,project__3cb10d9604
id_7b0b6ecfc5,id_330d8c28ad,id_330d8c28ad,project__c0161a6d48
id_7b0b6ecfc5,id_a66472f69a,id_a66472f69a,project__8ad897ef37
id_7b0b6ecfc5,id_92805fea14,id_320f8c12a8,project__f0a6b5650c
id_7b0b6ecfc5,id_d0a2e92a6c,id_d0a2e92a6c,project__4ee7e55820
id_7b0b6ecfc5,id_0ecc52d89b,id_0ecc52d89b,project__47758ba570
id_7b0b6ecfc5,id_cb1df20c83,id_cb1df20c83,project__0dbd3de788
id_7b0b6ecfc5,id_317dfa812e,id_317dfa812e,project__7fd59d8d77
id_7b0b6ecfc5,id_50f478e31d,id_50f478e31d,project__22a0864fca
id_7b0b6ecfc5,id_3b2ad91bd7,id_7b0a030efa,project__9fbaa1b27e
id_7b0b6ecfc5,id_7fa140d82e,id_7fa140d82e,project__cb24ab1233
id_7b0b6ecfc5,id_cf7f8223a1,id_cf7f8223a1,project__6db8a15762
id_7b0b6ecfc5,id_19e31dc65b,id_724d4cc3cd,project__18d48ec138
id_7b0b6ecfc5,id_8db5f86199,id_ebfaad7066,project__4637369f6e
id_7b0b6ecfc5,id_ec8f888b59,id_916dc7370f,project__6cfc1061c8
id_7b0b6ecfc5,id_d4a9b2af0f,id_d4a9b2af0f,project__c9a0dbc848
id_7b0b6ecfc5,id_4844c119af,id_27d33a57cd,project__4fc9da5f27
id_7b0b6ecfc5,id_0dc173d7ae,id_3e68eae88a,project__9828710c3e
id_7b0b6ecfc5,id_799eeb3384,id_799eeb3384,project__d62c687936
id_7b0b6ecfc5,id_d7a4041166,id_d7a4041166,project__cb7e4123fd
id_7b0b6ecfc5,id_6b7d6f51be,id_a4c227be9f,project__d9d9a5595b
id_7b0b6ecfc5,id_2d7ec8c867,id_3488f76d6b,project__ee7bcc9e0f
id_7b0b6ecfc5,id_7f0438ac97,id_7f0438ac97,project__ad7df5e081
id_7b0b6ecfc5,id_8a8b8dbb55,id_23f1199dd0,project__e72344106d
id_7b0b6ecfc5,id_f20b3bfdfa,id_f20b3bfdfa,project__6b32582caf
id_7b0b6ecfc5,id_5fac3b6b7b,id_72f0e90550,project__692b158a49
id_7b0b6ecfc5,id_d1af6d3a14,id_a742d493bc,project__3560111d21
id_7b0b6ecfc5,id_6fb90dd0ed,id_434396ef9f,project__ae813b6831
id_7b0b6ecfc5,id_b93a966359,id_b93a966359,project__d38e08a13e
id_7b0b6ecfc5,id_1c0acf13c8,id_58011ba69c,project__5b2005b8d9
id_7b0b6ecfc5,id_95fb68e352,id_95fb68e352,project__451639119a
id_7b0b6ecfc5,id_d6848590c9,id_d22a8c8869,project__717247ef29
id_7b0b6ecfc5,id_43a8d78b23,id_43a8d78b23,project__eef6955cac
id_7b0b6ecfc5,id_00b2a7134c,id_00b2a7134c,project__b5ecd5b068
id_7b0b6ecfc5,id_a40581114b,id_a40581114b,project__c90e7d7a0e
id_7b0b6ecfc5,id_cf7e9d54f9,id_cf7e9d54f9,project__fcd71817ca
id_7b0b6ecfc5,id_2591e718d9,id_2591e718d9,project__3e845b8eef
id_7b0b6ecfc5,id_8c63933c34,id_8c63933c34,project__62d1692b5a
id_7b0b6ecfc5,id_b370a95078,id_6eabee1d6a,project__8cfaf44896
id_7b0b6ecfc5,id_31d2c5a547,id_31d2c5a547,project__3e9e011a1b
id_7b0b6ecfc5,id_61f6f8a0cf,id_61f6f8a0cf,project__2d8ab89bef
id_7b0b6ecfc5,id_1399cf0f34,id_b18e3c1e5c,project__0e4758bc4d
id_7b0b6ecfc5,id_50910b4662,id_50910b4662,project__8f66dae3b8
id_7b0b6ecfc5,id_171da778df,id_171da778df,project__06c12669de
id_7b0b6ecfc5,id_939baeb600,id_939baeb600,project__07cfdea8c3
id_7b0b6ecfc5,id_839fa45701,id_839fa45701,project__1fa34c0c33
id_7b0b6ecfc5,id_459ee8cb26,id_2b29aff2ea,project__f317057e64
id_7b0b6ecfc5,id_4099a04a88,id_4e22cc061e,project__4ee7e55820
id_7b0b6ecfc5,id_80b036ba01,id_80b036ba01,project__deb74406b6
id_7b0b6ecfc5,id_6fb90dd0ed,id_a97b182d10,project__ae813b6831
id_7b0b6ecfc5,id_3ac9fd6082,id_121061e719,project__94fec6a77f
id_7b0b6ecfc5,id_6355f2f43d,id_6355f2f43d,project__dfa9c247dd
id_7b0b6ecfc5,id_d6848590c9,id_d6848590c9,project__717247ef29
id_7b0b6ecfc5,id_742c466eda,id_742c466eda,project__6c12787610
id_7b0b6ecfc5,id_f49a11b2ca,id_f49a11b2ca,project__391c90f3dc
id_7b0b6ecfc5,id_67fef0d994,id_360df39fa3,project__6e5c1ed82c
id_7b0b6ecfc5,id_c26e668f76,id_4755cb9ce1,project__82ecae0b71
id_7b0b6ecfc5,id_88fb4ead5a,id_88fb4ead5a,project__6e146591bc
id_7b0b6ecfc5,id_5e81c4405a,id_5e81c4405a,project__5c34da53ca
id_7b0b6ecfc5,id_7009927ca6,id_7009927ca6,project__623250386d
id_7b0b6ecfc5,id_aa24c1bf78,id_974bf7ba4a,project__e53abcdc60
id_7b0b6ecfc5,id_5e4d3f20a2,id_07f08be99b,project__bd85ec68a0
id_7b0b6ecfc5,id_d4a9b2af0f,id_a74b4347db,project__c9a0dbc848
id_7b0b6ecfc5,id_e5bc050ee9,id_186d12ef8f,project__0b279d082a
id_7b0b6ecfc5,id_bdbf59cbac,id_bdbf59cbac,project__2dbfefaedf
id_7b0b6ecfc5,id_5016c5508a,id_5016c5508a,project__4aa92ff73b
id_7b0b6ecfc5,id_6fb90dd0ed,id_3a73eb8760,project__ae813b6831
id_7b0b6ecfc5,id_fd7382c613,id_4eace052e3,project__cfe03d80b3
id_7b0b6ecfc5,id_5c5974782d,id_5c5974782d,project__2173958d56
id_7b0b6ecfc5,id_ebd527df95,id_3f85b62125,project__3771bf4b05
id_7b0b6ecfc5,id_dc46039d00,id_7b1b1b75e7,project__46fe15c43f
id_7b0b6ecfc5,id_7f0438ac97,id_f4105b32af,project__ad7df5e081
id_7b0b6ecfc5,id_2ae7755d4e,id_85fb0a22ce,project__22dbc41f1f
id_7b0b6ecfc5,id_f83320dc35,id_f83320dc35,project__330c9d78ad
id_7b0b6ecfc5,id_9fe94710bd,id_9fe94710bd,project__7523a5942b
id_7b0b6ecfc5,id_01fa3d3acf,id_6b05acc295,project__9464e2a5fa
id_7b0b6ecfc5,id_e112842d28,id_636cf56ed0,project__5f257ce2eb
id_7b0b6ecfc5,id_4b478f84dc,id_4b478f84dc,project__2222d38c42
id_7b0b6ecfc5,id_336e6cebef,id_336e6cebef,project__2c893283ac
id_7b0b6ecfc5,id_da8e709819,id_1393ad88f8,project__d933eea904
id_7b0b6ecfc5,id_228d3e3435,id_45ae18d7f3,project__c48619408b
id_7b0b6ecfc5,id_b2f3bcb3b0,id_b2f3bcb3b0,project__a87ea3daa5
id_7b0b6ecfc5,id_a1a0026cca,id_2a725e4c54,project__bac38361ea
id_7b0b6ecfc5,id_077397c102,id_0ced8f4b5d,project__d1d757ff0e
id_7b0b6ecfc5,id_7164e7444b,id_7164e7444b,project__91721022e1
id_7b0b6ecfc5,id_81778afa98,id_12b30342ac,project__f06ab62b9c
id_7b0b6ecfc5,id_6ab5c9ed11,id_6ab5c9ed11,project__22754fb348
id_7b0b6ecfc5,id_bc9a3ed215,id_87d00bf065,project__322948bbe7
id_7b0b6ecfc5,id_b4142c4bef,id_b4142c4bef,project__3c1c98cccc
id_7b0b6ecfc5,id_2686f72fdc,id_492677ea09,project__7f979bb3a4
id_7b0b6ecfc5,id_223fde7676,id_bb44c07ad3,project__5bec2d0f01
id_7b0b6ecfc5,id_00359d2015,id_78a1b40972,project__7b74c03236
id_7b0b6ecfc5,id_0ea4b66aa8,id_0ea4b66aa8,project__42fa3474f8
id_544d011932,id_d99f05480c,id_5cac31a803,project__06b6dd3d04
id_7b0b6ecfc5,id_697edadc0a,id_697edadc0a,project__7e74c5c4e6
id_7b0b6ecfc5,id_00359d2015,id_00359d2015,project__7b74c03236
id_7b0b6ecfc5,id_5e4d3f20a2,id_d1f699003f,project__80ac52497b
id_7b0b6ecfc5,id_2c3e76fe8f,id_2c3e76fe8f,project__5731e95b3a
id_7b0b6ecfc5,id_9f5ba4437d,id_9f5ba4437d,project__24e7588b93
id_7b0b6ecfc5,id_943e46b933,id_76305617c9,project__c73196bdb5
id_7b0b6ecfc5,id_c7f7019953,id_c7f7019953,project__dc430dc094
id_7b0b6ecfc5,id_721ddb3e1f,id_b471d1947e,project__b83180e688
id_7b0b6ecfc5,id_af37cf05c3,id_af37cf05c3,project__f0e83ddb2c
id_7b0b6ecfc5,id_9c878eee44,id_9c878eee44,project__8b5f11c1ef
id_7b0b6ecfc5,id_297ad25e93,id_cc4e47cc87,project__b9a2666fbc
id_7b0b6ecfc5,id_2bb5e610f7,id_2bb5e610f7,project__734d73cfbb
id_7b0b6ecfc5,id_ff541236dc,id_bee2e2ee0e,project__5ffcdea811
id_7b0b6ecfc5,id_ab0d062581,id_f55579d545,project__ee4625b85d
id_7b0b6ecfc5,id_bce85aadc0,id_8471ca0495,project__02d62b06ea
id_7b0b6ecfc5,id_4faffcbcbd,id_d3ce4e1d95,project__7dc5000177
id_7b0b6ecfc5,id_d3d7822b08,id_781cc27c19,project__5a5d00652e
id_7b0b6ecfc5,id_1bff043144,id_6cb1bd16c3,project__3b6f5c1941
id_7b0b6ecfc5,id_e3d4b3b038,id_5b17110b26,project__44658a1cf1
id_7b0b6ecfc5,id_0cd7730622,id_56d4ed296a,project__cc196c8109
id_7b0b6ecfc5,id_378b766915,id_378b766915,project__fba07bcdc9
id_7b0b6ecfc5,id_4d72b424a8,id_4d72b424a8,project__02eb42bd6c
id_7b0b6ecfc5,id_c3c08b91df,id_c3c08b91df,project__577c9a189d
id_7b0b6ecfc5,id_9c6d9ff1af,id_d888805567,project__c1219169f9
id_7b0b6ecfc5,id_d6a6147b56,id_d6a6147b56,project__c85b68850a
id_7b0b6ecfc5,id_3c4915ddad,id_3c4915ddad,project__8505433b0b
id_7b0b6ecfc5,id_d12b217301,id_d12b217301,project__48cd579c84
id_7b0b6ecfc5,id_35326eda9c,id_35326eda9c,project__a63a691110
id_7b0b6ecfc5,id_02bfcbcfa5,id_02bfcbcfa5,project__7671c3ed17
id_7b0b6ecfc5,id_a59e5ce2df,id_c2f6f71190,project__3ca9f8a762
id_7b0b6ecfc5,id_21bd1e6d42,id_bc6b8746a7,project__b1447c4b3d
id_7b0b6ecfc5,id_02696cac37,id_02696cac37,project__c2f072055e
id_7b0b6ecfc5,id_2c3e76fe8f,id_1cf6c77ae8,project__5731e95b3a
id_7b0b6ecfc5,id_bbc356729a,id_bbc356729a,project__15661026e8
id_7b0b6ecfc5,id_0ebf6b05ef,id_0ebf6b05ef,project__715eb7fe62
id_7b0b6ecfc5,id_4cbf2a86d7,id_4cbf2a86d7,project__3e54d11d18
id_7b0b6ecfc5,id_898488c461,id_adccece5f3,project__3f08ec7257
id_7b0b6ecfc5,id_6f6c3d0d4a,id_6f6c3d0d4a,project__bba417e630
id_544d011932,id_5303779775,id_5303779775,project__6a7c50038c
id_7b0b6ecfc5,id_c111baec87,id_c111baec87,project__eec11adf76
id_7b0b6ecfc5,id_cefe91f664,id_7dd3f5e6a1,project__cfa81d32d4
id_7b0b6ecfc5,id_2202a6e92b,id_69681bf540,project__4b013cb16b
id_7b0b6ecfc5,id_bf015c5a91,id_1634d36807,project__1a424d6da6
id_7b0b6ecfc5,id_ff66e3d088,id_ff66e3d088,project__3fa40bd198
id_7b0b6ecfc5,id_da8e428800,id_ceb0a68d60,project__d24bb8d7ce
id_7b0b6ecfc5,id_0114bc9758,id_0114bc9758,project__9cb9bffe53
id_7b0b6ecfc5,id_9c80139cc5,id_9c80139cc5,project__0c44fda2e4
id_7b0b6ecfc5,id_e7bee8d2f9,id_d76f483b22,project__5d0c470b97
id_7b0b6ecfc5,id_21195a31c5,id_21195a31c5,project__c7c1960a65
id_7b0b6ecfc5,id_688699cce1,id_6f91b755f3,project__bc317765a1
id_7b0b6ecfc5,id_fddba575e7,id_bd976f07b8,project__eb78c32b56
id_7b0b6ecfc5,id_676fcfdb7e,id_7f21be459e,project__230479f189
id_7b0b6ecfc5,id_c887b4aad0,id_c887b4aad0,project__fdfc02ca79
id_7b0b6ecfc5,id_e72ce1db88,id_e72ce1db88,project__a03d141221
id_7b0b6ecfc5,id_a9735ee174,id_a9735ee174,project__55a37f3ae1
id_7b0b6ecfc5,id_4e6a6f4d98,id_03e34c6284,project__bc303294ae
id_7b0b6ecfc5,id_643f8e6318,id_643f8e6318,project__612ab80503
id_7b0b6ecfc5,id_a2a5fa61c1,id_217ea60f0f,project__c32d5f880c
id_7b0b6ecfc5,id_e5ac35b0d6,id_e5ac35b0d6,project__70c557b633
id_7b0b6ecfc5,id_68ef5b0342,id_68ef5b0342,project__64ba36a84a
id_7b0b6ecfc5,id_25ed7ea34d,id_6d1729ab48,project__1761dffeb7
id_7b0b6ecfc5,id_d12b217301,id_ff9a023a82,project__48cd579c84
id_7b0b6ecfc5,id_524f38138c,id_1af7536e41,project__22a0864fca
id_7b0b6ecfc5,id_3151eefe30,id_73c13affce,project__505601ef79
id_7b0b6ecfc5,id_4a149a83cc,id_4a149a83cc,project__c629f82989
id_7b0b6ecfc5,id_5e4d3f20a2,id_1913aec16b,project__2a78027819
id_7b0b6ecfc5,id_935b052c3b,id_935b052c3b,project__c9d0b13e62
id_7b0b6ecfc5,id_ec10960fab,id_ec10960fab,project__61fb9fea4c
id_7b0b6ecfc5,id_7126b2bfdd,id_19e87ea826,project__f15a0ffcf1
id_7b0b6ecfc5,id_ec8f888b59,id_ec8f888b59,project__6cfc1061c8
id_7b0b6ecfc5,id_b8e578ed62,id_b8e578ed62,project__019ea0559e
id_7b0b6ecfc5,id_20f4f62b1f,id_20f4f62b1f,project__4561e892ee
id_7b0b6ecfc5,id_1907b8dc25,id_1907b8dc25,project__d114088299
id_7b0b6ecfc5,id_1f54519562,id_d553810469,project__3de5b4c86a
id_7b0b6ecfc5,id_713c7a28f2,id_cb978cdf7c,project__49c64368f7
id_7b0b6ecfc5,id_90fdaacc80,id_f209ec8675,project__7604a0657f
id_7b0b6ecfc5,id_596e32032d,id_596e32032d,project__155f823353
id_7b0b6ecfc5,id_f7cd949bb5,id_f7cd949bb5,project__4f26984422
id_7b0b6ecfc5,id_be26cbf5bd,id_be26cbf5bd,project__8ddb1acaae
id_7b0b6ecfc5,id_1f949931a2,id_1f949931a2,project__8a23ccb6d3
id_7b0b6ecfc5,id_bf015c5a91,id_bf015c5a91,project__1a424d6da6
id_7b0b6ecfc5,id_ea0c13061f,id_3cbb66a39c,project__09e58288ae
id_7b0b6ecfc5,id_14fecb9033,id_14fecb9033,project__3d4958918a
id_7b0b6ecfc5,id_5c43e03b31,id_5c43e03b31,project__225fe11738
id_7b0b6ecfc5,id_18ba96fb3a,id_24473537d1,project__1601d0be22
id_7b0b6ecfc5,id_d735f991e7,id_87c5fe62ba,project__c468bb90c0
id_7b0b6ecfc5,id_49b2f2ab49,id_49b2f2ab49,project__e0fce56636
id_7b0b6ecfc5,id_c887b4aad0,id_6038bee6db,project__fdfc02ca79
id_7b0b6ecfc5,id_707e1e2aee,id_b815998d2c,project__59d93fae11
id_7b0b6ecfc5,id_bdbf59cbac,id_ec984fe5ac,project__2dbfefaedf
id_7b0b6ecfc5,id_28d326998f,id_0eb6f1e507,project__999b4e21dc
id_7b0b6ecfc5,id_0c07798e2b,id_0c07798e2b,project__c3eb688afc
id_7b0b6ecfc5,id_817da4fb15,id_817da4fb15,project__6c8115b7ed
id_7b0b6ecfc5,id_93dccb9719,id_080e9de1c0,project__7dc5000177
id_7b0b6ecfc5,id_8c41fb553a,id_ba59fe7caa,project__ca0c2b3185
id_7b0b6ecfc5,id_0fea168323,id_0fea168323,project__e065f02cf8
id_7b0b6ecfc5,id_6b21ac41c2,id_6b21ac41c2,project__8a57891edf
id_7b0b6ecfc5,id_520cca5b87,id_2bc8245458,project__2eeda17c9e
id_7b0b6ecfc5,id_a0a2bcbb66,id_a0a2bcbb66,project__340cff4cb8
id_7b0b6ecfc5,id_8078289afe,id_6e928d4167,project__8d4be69287
id_7b0b6ecfc5,id_bc80f2ea05,id_bc80f2ea05,project__e5c625b5e7
id_7b0b6ecfc5,id_5db91ab092,id_2db3eeb8f9,project__6e56a80eeb
id_7b0b6ecfc5,id_4c298700f8,id_4c298700f8,project__314660ad17
id_7b0b6ecfc5,id_e84faef3a0,id_3526831b12,project__33cd61a6b4
id_544d011932,id_77a271b9c7,id_77a271b9c7,project__9fdc3a3721
id_7b0b6ecfc5,id_21bd1e6d42,id_0bc600ca49,project__b1447c4b3d
id_7b0b6ecfc5,id_59c40081f7,id_762295816d,project__315dabe7e8
id_7b0b6ecfc5,id_01fa3d3acf,id_15b619b303,project__9464e2a5fa
id_7b0b6ecfc5,id_63b8d92458,id_e8def23cf4,project__a232e86e93
id_7b0b6ecfc5,id_c4945b6cbe,id_3f67ddd0c2,project__5203ed34cc
id_7b0b6ecfc5,id_5743835c13,id_5743835c13,project__b18c78d183
id_7b0b6ecfc5,id_1bff043144,id_1bff043144,project__3b6f5c1941
id_7b0b6ecfc5,id_5049281853,id_5049281853,project__8a57891edf
id_7b0b6ecfc5,id_1f16974598,id_e7856a5b8f,project__bc4869d341
id_7b0b6ecfc5,id_e70abbdc5e,id_e70abbdc5e,project__9bd1eb96fa
id_7b0b6ecfc5,id_d48ebf9221,id_d48ebf9221,project__87187e2208
id_7b0b6ecfc5,id_6cbbe8c892,id_cd6c42ec68,project__d16a102bed
id_7b0b6ecfc5,id_c7f7019953,id_32a1e25a2f,project__dc430dc094
id_7b0b6ecfc5,id_e1d5c419b1,id_e1d5c419b1,project__7cdd917893
id_7b0b6ecfc5,id_97c34e79e5,id_97c34e79e5,project__2608961f53
id_7b0b6ecfc5,id_c49de632da,id_c49de632da,project__37de325f55
id_7b0b6ecfc5,id_cd4299501f,id_cd4299501f,project__9a855c5a4e
id_7b0b6ecfc5,id_d29393e68a,id_d29393e68a,project__9a4681a837
id_7b0b6ecfc5,id_54975e0141,id_54975e0141,project__1cc6237381
id_7b0b6ecfc5,id_4099a04a88,id_4099a04a88,project__4ee7e55820
id_7b0b6ecfc5,id_6ed1944db3,id_747c5169b0,project__0732e2a00c
id_544d011932,id_8049cba74e,id_374473e4f9,project__dd6d2a26c6
id_7b0b6ecfc5,id_d997ef122c,id_d997ef122c,project__12bc02c134
id_7b0b6ecfc5,id_c26e668f76,id_c26e668f76,project__82ecae0b71
id_7b0b6ecfc5,id_0ad093d782,id_0ad093d782,project__46a661de1e
id_7b0b6ecfc5,id_45b325f936,id_fa99e52bc1,project__cf8c73de19
id_7b0b6ecfc5,id_98c83474d2,id_98c83474d2,project__d0a5f92975
id_7b0b6ecfc5,id_e34c7935d3,id_e34c7935d3,project__b1e27b5083
id_7b0b6ecfc5,id_260014254a,id_260014254a,project__6c9c30e0ee
id_7b0b6ecfc5,id_831609ad10,id_831609ad10,project__215b79ebb5
id_7b0b6ecfc5,id_b334457b9d,id_563eaeb6ec,project__0d074286ea
id_7b0b6ecfc5,id_641d084bbd,id_641d084bbd,project__58ad05f543
id_7b0b6ecfc5,id_11a05658d8,id_11a05658d8,project__92c6c7c03d
id_7b0b6ecfc5,id_5fea54574b,id_9a8f7864dc,project__8f010b2c34
id_7b0b6ecfc5,id_261ead99e1,id_261ead99e1,project__a38f1fbf17
id_7b0b6ecfc5,id_4bfb1c5d27,id_4bfb1c5d27,project__a30a051f42
id_7b0b6ecfc5,id_c4945b6cbe,id_c4945b6cbe,project__5203ed34cc
id_7b0b6ecfc5,id_a4583301e9,id_cea76bcef9,project__cce1680314
id_7b0b6ecfc5,id_05c7c3152b,id_2ea35a6a7c,project__68ccf350d8
id_7b0b6ecfc5,id_ec6bfb9191,id_41127e6af7,project__b4cd3aef30
id_7b0b6ecfc5,id_75940e4c06,id_e2ecc62615,project__7c13e1616b
id_7b0b6ecfc5,id_ad34603e30,id_d6dba7d634,project__91da319d07
id_7b0b6ecfc5,id_3b2f0a19bb,id_3b2f0a19bb,project__aa81bbeb2e
id_7b0b6ecfc5,id_898488c461,id_898488c461,project__3f08ec7257
id_7b0b6ecfc5,id_281fc15b89,id_281fc15b89,project__8505433b0b
id_7b0b6ecfc5,id_903f07036e,id_903f07036e,project__2420e8651a
id_544d011932,id_095a770ee3,id_095a770ee3,project__602fa81144
id_7b0b6ecfc5,id_f49a11b2ca,id_c94a109864,project__391c90f3dc
id_7b0b6ecfc5,id_4faffcbcbd,id_4faffcbcbd,project__7dc5000177
id_7b0b6ecfc5,id_8587bceb8a,id_8587bceb8a,project__3d6d702415
id_7b0b6ecfc5,id_ca61d5b31c,id_1b01aaf27d,project__5126e94422
id_7b0b6ecfc5,id_07e76f5d03,id_07e76f5d03,project__5f8df86a5c
id_7b0b6ecfc5,id_943e46b933,id_943e46b933,project__c73196bdb5
id_7b0b6ecfc5,id_16fe8c74fb,id_3e14924d1d,project__72c89d835a
id_7b0b6ecfc5,id_5213c5eaf3,id_5213c5eaf3,project__ec2aa2944e
id_7b0b6ecfc5,id_bf8d4fcc38,id_cfe67de679,project__1fead38cc1
id_7b0b6ecfc5,id_e5a78f7cae,id_e5a78f7cae,project__fcd71817ca
id_7b0b6ecfc5,id_e340c754e7,id_e340c754e7,project__4aa3b715c6
id_7b0b6ecfc5,id_d44b32e7c4,id_2e28acc461,project__fc7a9dd17b
id_7b0b6ecfc5,id_b853be2c38,id_b853be2c38,project__330c9d78ad
id_7b0b6ecfc5,id_fd5db4ce4a,id_ecb86540ad,project__3feb64398b
id_7b0b6ecfc5,id_f9d950b29a,id_5273483b8a,project__0732b2c9ed
id_7b0b6ecfc5,id_dd3ffecefc,id_dd3ffecefc,project__8dd6f25165
id_7b0b6ecfc5,id_05df5a850f,id_05df5a850f,project__8afa9db84d
id_7b0b6ecfc5,id_6446c44d80,id_39cbb4f576,project__6f8932aad4
id_7b0b6ecfc5,id_5e81c4405a,id_849cf658fe,project__5c34da53ca
id_7b0b6ecfc5,id_78f8ff46a9,id_8801e5b55a,project__69d38ad1f7
id_7b0b6ecfc5,id_93dccb9719,id_93dccb9719,project__7dc5000177
id_7b0b6ecfc5,id_6b7d6f51be,id_6b7d6f51be,project__d9d9a5595b
id_7b0b6ecfc5,id_e5a78f7cae,id_e212bb2f68,project__fcd71817ca
id_7b0b6ecfc5,id_610919024a,id_20a08ac8a0,project__24f12f72d6
id_7b0b6ecfc5,id_3c5eaae873,id_3c5eaae873,project__50d4b23bc4
id_7b0b6ecfc5,id_ad34603e30,id_ad34603e30,project__91da319d07
id_7b0b6ecfc5,id_b1c46c30db,id_b1c46c30db,project__dde66fd3de
id_7b0b6ecfc5,id_bbd6734a04,id_9f54f96a57,project__f3be52a2ec
id_7b0b6ecfc5,id_bf4f3259ae,id_bf4f3259ae,project__fe5b7292f3
id_7b0b6ecfc5,id_b699895f58,id_cc2a01602d,project__b9b1e3e6c3
id_7b0b6ecfc5,id_2d7ec8c867,id_2d7ec8c867,project__ee7bcc9e0f
id_7b0b6ecfc5,id_a92c4e170f,id_19e8aaee6b,project__f2e7cd0330
id_7b0b6ecfc5,id_46e05c6ead,id_46e05c6ead,project__be15d6e7b7
id_7b0b6ecfc5,id_df508758a8,id_53dabbe2b9,project__ec97616537
id_7b0b6ecfc5,id_641d084bbd,id_c7cebbeedc,project__58ad05f543
id_7b0b6ecfc5,id_9a25048273,id_92a75edaaa,project__1718afccee
id_7b0b6ecfc5,id_688699cce1,id_688699cce1,project__bc317765a1
id_7b0b6ecfc5,id_875e307b31,id_875e307b31,project__0e5004e5d4
id_7b0b6ecfc5,id_192db14972,id_192db14972,project__efab71d484
id_7b0b6ecfc5,id_4cbf2a86d7,id_fea849a28e,project__3e54d11d18
id_7b0b6ecfc5,id_5213c5eaf3,id_cba5919aa9,project__ec2aa2944e
id_7b0b6ecfc5,id_d012fc55a0,id_67260eede7,project__e1b9196316
id_7b0b6ecfc5,id_97c34e79e5,id_b58477c61a,project__2608961f53
id_7b0b6ecfc5,id_d735f991e7,id_3f9177622a,project__c468bb90c0
id_7b0b6ecfc5,id_721ddb3e1f,id_721ddb3e1f,project__b83180e688
id_7b0b6ecfc5,id_7e9e286753,id_37b8b3900b,project__87ac0a9497
id_7b0b6ecfc5,id_35bec01d11,id_da78cabc72,project__7973ab2289
id_7b0b6ecfc5,id_174ff44de0,id_f9224d4136,project__9bebbcd3cc
id_7b0b6ecfc5,id_643f8e6318,id_8ee37c0f44,project__612ab80503
id_7b0b6ecfc5,id_3ac9fd6082,id_fc3f8e6c6c,project__94fec6a77f
id_7b0b6ecfc5,id_37222f9620,id_37222f9620,project__b119c83099
id_7b0b6ecfc5,id_bbc356729a,id_e9adff7497,project__15661026e8
id_7b0b6ecfc5,id_3b2ad91bd7,id_3b2ad91bd7,project__9fbaa1b27e
id_7b0b6ecfc5,id_2a69e7125e,id_fa44a5c0fe,project__a232e86e93
id_7b0b6ecfc5,id_1207db3278,id_1207db3278,project__2296d86422
id_7b0b6ecfc5,id_4713cd0e75,id_0a4fa989a8,project__a232e86e93
id_7b0b6ecfc5,id_0784816187,id_927bb38997,project__7523a5942b
id_7b0b6ecfc5,id_4face20afe,id_4face20afe,project__1ab8d98557
id_7b0b6ecfc5,id_05c7c3152b,id_05c7c3152b,project__68ccf350d8
id_7b0b6ecfc5,id_1f5f66f0c0,id_1f5f66f0c0,project__682dfa6aec
id_7b0b6ecfc5,id_1c0acf13c8,id_1c0acf13c8,project__5b2005b8d9
id_7b0b6ecfc5,id_4713cd0e75,id_4713cd0e75,project__a232e86e93
id_7b0b6ecfc5,id_7164e7444b,id_92638e21ed,project__91721022e1
id_7b0b6ecfc5,id_e84faef3a0,id_db096a3fc0,project__33cd61a6b4
id_7b0b6ecfc5,id_78b6cdfd3a,id_78b6cdfd3a,project__947b1186d6
id_7b0b6ecfc5,id_a90ea54d4a,id_a90ea54d4a,project__860658cd27
id_7b0b6ecfc5,id_e0ebce2b09,id_9b73f3d97d,project__3852a2cfb0
id_7b0b6ecfc5,id_1549d90113,id_1549d90113,project__4ee7e55820
id_7b0b6ecfc5,id_ceb4c168b3,id_ceb4c168b3,project__fda733f306
id_7b0b6ecfc5,id_453c612d54,id_453c612d54,project__6a1465fde5
id_7b0b6ecfc5,id_b9651ec59d,id_b8dc743557,project__dcdf40d90d
id_7b0b6ecfc5,id_a99727094a,id_a99727094a,project__c2f072055e
id_7b0b6ecfc5,id_868011a78e,id_2d5013e1b3,project__6abe353782
id_7b0b6ecfc5,id_bed289b11e,id_bed289b11e,project__82de38c2a9
id_7b0b6ecfc5,id_4c4b32f299,id_89c578763f,project__056c4f5d9d
id_7b0b6ecfc5,id_abc3069f1c,id_42b0061a02,project__7b10e47437
id_7b0b6ecfc5,id_4e86d275b1,id_4e86d275b1,project__134d499262
id_7b0b6ecfc5,id_70e2e013e1,id_4a43b1b4c5,project__3b0202aa29
id_7b0b6ecfc5,id_1312b5fccf,id_899cabfbea,project__59fd14b7cc
id_7b0b6ecfc5,id_9f16f2602c,id_9914c881e0,project__4939a06de1
id_7b0b6ecfc5,id_d1144e6cb2,id_d1144e6cb2,project__a232e86e93
id_7b0b6ecfc5,id_28bec326ba,id_8840b2cf3a,project__a8a279585c
id_7b0b6ecfc5,id_0930714e21,id_0930714e21,project__970ff4bede
id_7b0b6ecfc5,id_21195a31c5,id_ae26f37eb7,project__c7c1960a65
id_7b0b6ecfc5,id_d29393e68a,id_ad6dbebbe0,project__9a4681a837
id_7b0b6ecfc5,id_4d2f6bcf29,id_293a93d31f,project__6e54983f35
id_7b0b6ecfc5,id_9423d91dae,id_253c84b8f9,project__4f132d6c08
id_7b0b6ecfc5,id_520cca5b87,id_520cca5b87,project__2eeda17c9e
id_7b0b6ecfc5,id_1d220a0797,id_d01204eed6,project__cc34d2ccf6
id_7b0b6ecfc5,id_9423d91dae,id_9423d91dae,project__4f132d6c08
id_7b0b6ecfc5,id_4128c7a55d,id_4128c7a55d,project__0732b2c9ed
id_7b0b6ecfc5,id_0e4b0a1edc,id_0e4b0a1edc,project__a77347add7
id_7b0b6ecfc5,id_311878869f,id_fb19dd8330,project__c88f5f640f
id_7b0b6ecfc5,id_29e9b14834,id_29e9b14834,project__fcc9a557d8
id_7b0b6ecfc5,id_e85d3894fa,id_e85d3894fa,project__3ca9f8a762
id_7b0b6ecfc5,id_7957352ba4,id_09fa426352,project__ab194b1168
id_7b0b6ecfc5,id_e520214366,id_ba9b1be45e,project__63727b2f87
id_7b0b6ecfc5,id_a79fb159db,id_a79fb159db,project__28182c1c1e
id_7b0b6ecfc5,id_f11a951259,id_f11a951259,project__b5ecd5b068
id_7b0b6ecfc5,id_d58e3c2e51,id_c5d8a310ef,project__97e035fc5b
id_7b0b6ecfc5,id_38e316fb03,id_38e316fb03,project__acc84e47ca
id_7b0b6ecfc5,id_223fde7676,id_223fde7676,project__5bec2d0f01
id_7b0b6ecfc5,id_c06aed45af,id_7a9cc94555,project__7ffb5b62f3
id_7b0b6ecfc5,id_35bec01d11,id_245cd29a4f,project__7973ab2289
id_7b0b6ecfc5,id_e8bf45df4b,id_e8bf45df4b,project__5d2f405f6f
id_7b0b6ecfc5,id_84269b7a08,id_7ec1a7c89c,project__b83180e688
id_7b0b6ecfc5,id_b373d7b1fb,id_716d0bc9f7,project__f406b1d74f
id_544d011932,id_5243184ce4,id_5243184ce4,project__b88ef354c4
id_7b0b6ecfc5,id_c60685c0e5,id_c60685c0e5,project__f83453c229
id_7b0b6ecfc5,id_6355f2f43d,id_6ff4cbd8e1,project__dfa9c247dd
id_7b0b6ecfc5,id_4870bedaf3,id_ae72fa5e6c,project__47f1b9f1f7
id_7b0b6ecfc5,id_e7bee8d2f9,id_e7bee8d2f9,project__5d0c470b97
id_7b0b6ecfc5,id_13e801e365,id_969c4ee4b6,project__a3dba9e551
id_7b0b6ecfc5,id_090a25f913,id_090a25f913,project__dc2dbbfa81
id_7b0b6ecfc5,id_253ff56f2a,id_253ff56f2a,project__28048b2ffa
id_7b0b6ecfc5,id_5743835c13,id_fd02a163ad,project__b18c78d183
id_7b0b6ecfc5,id_28bec326ba,id_28bec326ba,project__a8a279585c
id_7b0b6ecfc5,id_4bfb1c5d27,id_0603278765,project__a30a051f42
id_7b0b6ecfc5,id_a2c15c9930,id_58667366c8,project__877d202013
id_7b0b6ecfc5,id_678573205b,id_50a4983102,project__38ffea7ac3
id_7b0b6ecfc5,id_9c80139cc5,id_426995423c,project__0c44fda2e4
id_7b0b6ecfc5,id_9c878eee44,id_2f83060068,project__8b5f11c1ef
id_7b0b6ecfc5,id_c345deabd0,id_c345deabd0,project__70d5c7dff1
id_7b0b6ecfc5,id_751cde89aa,id_2bdc2755ec,project__7bf6f72ef1
id_7b0b6ecfc5,id_e5ac35b0d6,id_d4677347c3,project__70c557b633
id_7b0b6ecfc5,id_0d6c62ebdd,id_0d6c62ebdd,project__ba4bb5c8b7
id_7b0b6ecfc5,id_28770e5548,id_6ebf802062,project__48bf951b4a
id_7b0b6ecfc5,id_9dbcea1e0e,id_f5e14f3efb,project__c9d0b13e62
id_7b0b6ecfc5,id_a4583301e9,id_a4583301e9,project__cce1680314
id_7b0b6ecfc5,id_17552e6735,id_17552e6735,project__d89b6042fd
id_7b0b6ecfc5,id_0b028c4c6f,id_9b260e8b86,project__813c618f36
id_7b0b6ecfc5,id_ee66ae6727,id_ee66ae6727,project__a6b26e9510
id_7b0b6ecfc5,id_b34b808f5f,id_b34b808f5f,project__ef17526d73
id_7b0b6ecfc5,id_de8e30f9f5,id_ada1a403fd,project__cbdd5670a6
id_7b0b6ecfc5,id_317dfa812e,id_59ee83d955,project__7fd59d8d77
id_7b0b6ecfc5,id_253ff56f2a,id_34389a082f,project__28048b2ffa
id_7b0b6ecfc5,id_97ec5c65d3,id_97ec5c65d3,project__ad1de2f60e
id_7b0b6ecfc5,id_8078289afe,id_8078289afe,project__8d4be69287
id_7b0b6ecfc5,id_a0a2bcbb66,id_b688626921,project__340cff4cb8
id_7b0b6ecfc5,id_e9ebc2c2c7,id_e9ebc2c2c7,project__1e944b1b8b
id_7b0b6ecfc5,id_9fdb0bb4b0,id_10b7d8fde8,project__1f5b6500d5
id_7b0b6ecfc5,id_2650b47c04,id_2650b47c04,project__a1d3405dcc
id_7b0b6ecfc5,id_8cfdf59e42,id_8cfdf59e42,project__d1eb0bdf34
id_7b0b6ecfc5,id_29afac5f2e,id_29afac5f2e,project__9b7571c91d
id_7b0b6ecfc5,id_f602461113,id_6aa018fa50,project__2dc025de4f
id_7b0b6ecfc5,id_cdfb3800fe,id_cdfb3800fe,project__52c2d33fc0
id_7b0b6ecfc5,id_1afb1d6c2b,id_a7df6ff1b2,project__df52be914d
id_7b0b6ecfc5,id_bdec90e2a3,id_bdec90e2a3,project__166835ff65
id_7b0b6ecfc5,id_dd6377418c,id_750901fe5b,project__93325c8855
id_7b0b6ecfc5,id_ee51eb5a5d,id_2da00903ee,project__1c70aa7615
id_7b0b6ecfc5,id_5e4d3f20a2,id_93ab0867ec,project__2a78027819
id_7b0b6ecfc5,id_7009927ca6,id_101a90befd,project__623250386d
id_7b0b6ecfc5,id_3ac0aa388a,id_3ac0aa388a,project__769bbcc532
id_7b0b6ecfc5,id_e72ce1db88,id_9cde239680,project__a03d141221
id_7b0b6ecfc5,id_3a4d168dae,id_3a4d168dae,project__655675ac87
id_7b0b6ecfc5,id_feafdf7cbd,id_feafdf7cbd,project__19306abc87
id_7b0b6ecfc5,id_102c9ee58c,id_102c9ee58c,project__47b9004cd7
id_7b0b6ecfc5,id_3ac9fd6082,id_ec8989c7c1,project__94fec6a77f
id_7b0b6ecfc5,id_2a69e7125e,id_230ed36370,project__a232e86e93
id_7b0b6ecfc5,id_bf4f3259ae,id_5f62f2b7dc,project__fe5b7292f3
id_7b0b6ecfc5,id_878e1afb70,id_7c6d653369,project__330d901424
id_7b0b6ecfc5,id_ffff439486,id_ffff439486,project__16ffdc39c4
id_7b0b6ecfc5,id_742c466eda,id_66af87bb0b,project__6c12787610
id_7b0b6ecfc5,id_e030a7b887,id_e030a7b887,project__12bc02c134
id_7b0b6ecfc5,id_f09a86f0ce,id_f09a86f0ce,project__3571a0c821
id_7b0b6ecfc5,id_03ad569f0e,id_0a9c6d4fae,project__ba4bb5c8b7
id_7b0b6ecfc5,id_ff05a795c7,id_ff05a795c7,project__2088d87da8
id_7b0b6ecfc5,id_e340c754e7,id_8564cf39f3,project__4aa3b715c6
id_7b0b6ecfc5,id_84269b7a08,id_3efc505910,project__b83180e688
id_544d011932,id_77a271b9c7,id_e83d171225,project__9fdc3a3721
id_7b0b6ecfc5,id_4870bedaf3,id_4870bedaf3,project__47f1b9f1f7
id_7b0b6ecfc5,id_c17f6bd03f,id_c17f6bd03f,project__2555e1596c
id_7b0b6ecfc5,id_2a69e7125e,id_e1ea3ab3c1,project__a232e86e93
id_7b0b6ecfc5,id_e1d5c419b1,id_0c0017ee8b,project__7cdd917893
id_7b0b6ecfc5,id_1f54519562,id_1f54519562,project__3de5b4c86a
id_7b0b6ecfc5,id_de8e30f9f5,id_de8e30f9f5,project__cbdd5670a6
id_7b0b6ecfc5,id_546286f82f,id_43289c81e8,project__27b0ce5b13
id_7b0b6ecfc5,id_6acb1bd8fa,id_d2fcfc7d46,project__ce853a349b
id_7b0b6ecfc5,id_939e9578ad,id_939e9578ad,project__ee7ebebe83
id_7b0b6ecfc5,id_3cbabe7112,id_3cbabe7112,project__1fc8a8bc31
id_7b0b6ecfc5,id_e3a4165920,id_e3a4165920,project__b360c352be
id_7b0b6ecfc5,id_27f27aea8a,id_f1e614fe09,project__745530ddbd
id_7b0b6ecfc5,id_0ea4b66aa8,id_7d27af13b8,project__42fa3474f8
id_7b0b6ecfc5,id_6ed1944db3,id_6ed1944db3,project__0732e2a00c
id_7b0b6ecfc5,id_4857f94fab,id_c563d5fa78,project__17baaf7554
id_7b0b6ecfc5,id_3cbabe7112,id_c5437885c3,project__1fc8a8bc31
id_7b0b6ecfc5,id_b720f09002,id_c6fa1debb9,project__75c54a67be
id_7b0b6ecfc5,id_e8bf45df4b,id_8baa78647d,project__5d2f405f6f
id_7b0b6ecfc5,id_66390aef90,id_66390aef90,project__2b88d0d2fa
id_7b0b6ecfc5,id_16fe8c74fb,id_16fe8c74fb,project__72c89d835a
id_7b0b6ecfc5,id_41e50232fc,id_9e6d56fa3b,project__551af44187
id_7b0b6ecfc5,id_086db0fce5,id_086db0fce5,project__cb24ab1233
id_7b0b6ecfc5,id_95750c1072,id_ca053a98f1,project__7a668b622e
id_7b0b6ecfc5,id_d944d7194d,id_3c4ac789a2,project__65c7ef07d0
id_7b0b6ecfc5,id_50910b4662,id_12cd395791,project__8f66dae3b8
id_7b0b6ecfc5,id_cff49b6f1a,id_2d21fe4952,project__9cc1d2b3ae
id_7b0b6ecfc5,id_9fdb0bb4b0,id_9fdb0bb4b0,project__1f5b6500d5
id_7b0b6ecfc5,id_dcaaeac652,id_ea4bee7c1b,project__52211da2a7
id_7b0b6ecfc5,id_5adb8ede67,id_5adb8ede67,project__61c08dd8cf
id_7b0b6ecfc5,id_aa24c1bf78,id_b3593addfb,project__e53abcdc60
id_7b0b6ecfc5,id_171da778df,id_553cf17623,project__06c12669de
id_7b0b6ecfc5,id_16ed10c29b,id_1b0506200d,project__ebf92a3784
id_7b0b6ecfc5,id_c49de632da,id_2dd419753a,project__37de325f55
id_7b0b6ecfc5,id_6666efddc4,id_6666efddc4,project__9920d8c3d9
id_7b0b6ecfc5,id_b34b808f5f,id_8dfb52b314,project__ef17526d73
id_7b0b6ecfc5,id_33fdc31e17,id_33fdc31e17,project__5e4e2f93ec
id_7b0b6ecfc5,id_a4383adba1,id_e66505909b,project__ee84b279a3
id_7b0b6ecfc5,id_6c886a6c2e,id_6c886a6c2e,project__c42fde20a2
id_7b0b6ecfc5,id_71190513c6,id_71190513c6,project__da9d15223b
id_7b0b6ecfc5,id_7957352ba4,id_7ff2c517ee,project__ab194b1168
id_7b0b6ecfc5,id_aa24c1bf78,id_a634702008,project__e53abcdc60
id_7b0b6ecfc5,id_2ae7755d4e,id_78df302c1d,project__7f46dff5f9
id_7b0b6ecfc5,id_92805fea14,id_92805fea14,project__f0a6b5650c
id_7b0b6ecfc5,id_751cde89aa,id_751cde89aa,project__7bf6f72ef1
id_7b0b6ecfc5,id_077397c102,id_077397c102,project__d1d757ff0e
id_7b0b6ecfc5,id_1b910b6f6f,id_1b910b6f6f,project__12bc02c134
id_7b0b6ecfc5,id_a66472f69a,id_8006fe851c,project__8ad897ef37
id_7b0b6ecfc5,id_698d5f8994,id_698d5f8994,project__29a5b74a40
id_7b0b6ecfc5,id_351615059f,id_557d7285f6,project__bbb19ed8c1
id_7b0b6ecfc5,id_7b3b944a0d,id_7b3b944a0d,project__86a589c8b8
id_7b0b6ecfc5,id_0ecc52d89b,id_dfdfa86e24,project__47758ba570
id_7b0b6ecfc5,id_4c943f57b2,id_4c943f57b2,project__5e4e2f93ec
id_7b0b6ecfc5,id_84269b7a08,id_6ee6c94c92,project__b83180e688
id_7b0b6ecfc5,id_a2c15c9930,id_a9d24619f0,project__f671e834b4
id_7b0b6ecfc5,id_e04154f371,id_e04154f371,project__5ee7c4d93a
id_7b0b6ecfc5,id_bc80f2ea05,id_3bc0a5b406,project__e5c625b5e7
id_7b0b6ecfc5,id_e634c3b516,id_e37e867f92,project__dac0634485
id_7b0b6ecfc5,id_770709cd0c,id_701a2f8257,project__db0327bd5d
id_7b0b6ecfc5,id_dcaaeac652,id_46dcc3d087,project__52211da2a7
id_7b0b6ecfc5,id_41f689a69b,id_3e54a176ac,project__460974b534
id_7b0b6ecfc5,id_5a9814f6ba,id_5a9814f6ba,project__9c20dd07ab
id_7b0b6ecfc5,id_5d5c4ef84c,id_5d5c4ef84c,project__3a08b3b24d
id_7b0b6ecfc5,id_528f2d394f,id_528f2d394f,project__2b88d0d2fa
id_7b0b6ecfc5,id_9c2a5ecaea,id_56d9b9463d,project__8de268945c
id_7b0b6ecfc5,id_e85d3894fa,id_43bc231eba,project__3ca9f8a762
id_7b0b6ecfc5,id_110dfa95c3,id_110dfa95c3,project__cf85c4c419
id_7b0b6ecfc5,id_4b277cee3b,id_4b277cee3b,project__44a127143c
id_7b0b6ecfc5,id_5edf940fe0,id_64930a4fcd,project__4262395247
id_7b0b6ecfc5,id_9f5ba4437d,id_9e074d4397,project__24e7588b93
id_7b0b6ecfc5,id_301b0327de,id_301b0327de,project__8bce95e9be
id_7b0b6ecfc5,id_cb1df20c83,id_4e584a897a,project__88a2cc8fcd
id_7b0b6ecfc5,id_6446c44d80,id_6446c44d80,project__6f8932aad4
id_7b0b6ecfc5,id_88dad08239,id_bdaf7c4b8b,project__59537db09b
id_7b0b6ecfc5,id_55a2986c50,id_485e22ef4f,project__769bbcc532
id_7b0b6ecfc5,id_de62528697,id_de62528697,project__a232e86e93
id_7b0b6ecfc5,id_9dbcea1e0e,id_9dbcea1e0e,project__c9d0b13e62
id_7b0b6ecfc5,id_f777aa3159,id_f777aa3159,project__a232e86e93
id_7b0b6ecfc5,id_d1495e2257,id_d1495e2257,project__34f7f37747
id_7b0b6ecfc5,id_27d75723c5,id_27d75723c5,project__afe930b3db
id_7b0b6ecfc5,id_349d99ba65,id_87e126da1a,project__ff0fdb7a9c
id_7b0b6ecfc5,id_06ddadc599,id_06ddadc599,project__45a05b741b
id_7b0b6ecfc5,id_5d5cf46cdb,id_5d5cf46cdb,project__d62c687936
id_7b0b6ecfc5,id_41e50232fc,id_5659b3b21f,project__551af44187
id_7b0b6ecfc5,id_2a69e7125e,id_3497b192e4,project__a232e86e93
id_7b0b6ecfc5,id_a4383adba1,id_ad7a810967,project__ee84b279a3
id_7b0b6ecfc5,id_ab0d062581,id_75d9fe6fb0,project__ee4625b85d
id_7b0b6ecfc5,id_d58e3c2e51,id_d58e3c2e51,project__97e035fc5b
id_7b0b6ecfc5,id_351615059f,id_351615059f,project__bbb19ed8c1
id_7b0b6ecfc5,id_3ac9fd6082,id_3ac9fd6082,project__94fec6a77f
id_7b0b6ecfc5,id_d062b6e11d,id_d062b6e11d,project__68e19dc462
id_7b0b6ecfc5,id_0fea168323,id_bf18077f1b,project__e065f02cf8
id_7b0b6ecfc5,id_85d23d9990,id_ce51704bae,project__13e28d6015
id_7b0b6ecfc5,id_2a69e7125e,id_3be2e9ced4,project__a232e86e93
id_7b0b6ecfc5,id_dcaaeac652,id_259238d6e0,project__52211da2a7
id_7b0b6ecfc5,id_68ef5b0342,id_d55e27b881,project__64ba36a84a
id_7b0b6ecfc5,id_1eed5eefd3,id_8e27674700,project__01914937d0
id_7b0b6ecfc5,id_5e4d3f20a2,id_bd0fff8f29,project__bd85ec68a0
id_7b0b6ecfc5,id_42a7c1b5f8,id_42a7c1b5f8,project__d74331af2f
id_7b0b6ecfc5,id_1907b8dc25,id_fe9e30c671,project__d114088299
id_7b0b6ecfc5,id_b334457b9d,id_b334457b9d,project__0d074286ea
id_7b0b6ecfc5,id_a79fb159db,id_3f346452a1,project__28182c1c1e
id_7b0b6ecfc5,id_349d99ba65,id_349d99ba65,project__ff0fdb7a9c
id_7b0b6ecfc5,id_da8e428800,id_da8e428800,project__d24bb8d7ce
id_7b0b6ecfc5,id_3151eefe30,id_3151eefe30,project__505601ef79
id_7b0b6ecfc5,id_1eed5eefd3,id_1eed5eefd3,project__01914937d0
id_7b0b6ecfc5,id_54975e0141,id_ff663d9b4f,project__1cc6237381
id_7b0b6ecfc5,id_75cd7cbd77,id_75cd7cbd77,project__7b10e47437
id_7b0b6ecfc5,id_3073e738f7,id_3073e738f7,project__58eeb02fe4
id_7b0b6ecfc5,id_4e86d275b1,id_56390977d6,project__134d499262
id_7b0b6ecfc5,id_0ee7a5f0f0,id_c4caaad383,project__f7cf63e434
id_7b0b6ecfc5,id_b8e578ed62,id_b805bf1047,project__019ea0559e
id_7b0b6ecfc5,id_0471b964f5,id_22a70974e5,project__6d57054fba
id_7b0b6ecfc5,id_eeddd718cc,id_ba8aa6ee50,project__1d43d167f1
id_7b0b6ecfc5,id_cd4299501f,id_6590546b0c,project__9a855c5a4e
id_7b0b6ecfc5,id_d64939a4a9,id_d64939a4a9,project__3b98b84462
id_7b0b6ecfc5,id_dd6377418c,id_dd6377418c,project__93325c8855
id_7b0b6ecfc5,id_4ccea91a21,id_4ccea91a21,project__1d7787dccb
id_7b0b6ecfc5,id_948af37336,id_948af37336,project__ce2c2c7993
id_7b0b6ecfc5,id_cff49b6f1a,id_5832cbc28b,project__ad21c5f394
id_7b0b6ecfc5,id_faa045fdf7,id_26fff4198a,project__44cc486af5
id_7b0b6ecfc5,id_5a9cfceb38,id_5a9cfceb38,project__87ac0a9497
id_7b0b6ecfc5,id_5b5550a02c,id_5b5550a02c,project__dd3927b936
id_7b0b6ecfc5,id_bed289b11e,id_c7c13c767b,project__82de38c2a9
id_544d011932,id_1548d233cd,id_1548d233cd,project__3bf078794b
id_7b0b6ecfc5,id_cff49b6f1a,id_cff49b6f1a,project__ad21c5f394
id_7b0b6ecfc5,id_b4142c4bef,id_e0bf5b3ba1,project__e85f9f6cdf
id_7b0b6ecfc5,id_16ed10c29b,id_16ed10c29b,project__ebf92a3784
id_7b0b6ecfc5,id_676fcfdb7e,id_676fcfdb7e,project__230479f189
id_7b0b6ecfc5,id_0930714e21,id_8408ee7064,project__970ff4bede
id_7b0b6ecfc5,id_72bef3880c,id_2e695d6be4,project__86f09ec54b
id_7b0b6ecfc5,id_55a2986c50,id_55a2986c50,project__769bbcc532
id_7b0b6ecfc5,id_49c68274b0,id_49c68274b0,project__8dcaf7ec4b
id_7b0b6ecfc5,id_032e98506a,id_1803c7fedf,project__4d9be13dab
id_7b0b6ecfc5,id_4844c119af,id_4844c119af,project__4fc9da5f27
id_7b0b6ecfc5,id_8485c6852c,id_8485c6852c,project__a44c8fcdbd
id_7b0b6ecfc5,id_bc9a3ed215,id_bc9a3ed215,project__322948bbe7
id_7b0b6ecfc5,id_e797721b11,id_7ef541e247,project__530808ab73
id_7b0b6ecfc5,id_ece1c649d3,id_205bb9f367,project__735f7ed6ed
id_7b0b6ecfc5,id_5c5974782d,id_536d886c26,project__2173958d56
id_7b0b6ecfc5,id_efa377cf63,id_dbcdaa13a8,project__698fc3edb5
id_7b0b6ecfc5,id_e84faef3a0,id_e84faef3a0,project__6e29ad51d3
id_7b0b6ecfc5,id_7126b2bfdd,id_7126b2bfdd,project__f15a0ffcf1
id_7b0b6ecfc5,id_d86ad63872,id_88b3f96b34,project__b6d2808442
id_7b0b6ecfc5,id_61f6f8a0cf,id_5c61d0b629,project__2d8ab89bef
id_7b0b6ecfc5,id_cefe91f664,id_cefe91f664,project__cfa81d32d4
id_7b0b6ecfc5,id_d1495e2257,id_e22878d9f9,project__34f7f37747
id_7b0b6ecfc5,id_25ed7ea34d,id_efa0e57542,project__1761dffeb7
id_7b0b6ecfc5,id_a8b34f8ae2,id_a8b34f8ae2,project__c53ca378f2
id_544d011932,id_346a18cbe3,id_630dece5d6,project__d8a5bb87a5
id_7b0b6ecfc5,id_7fa2ee7bb3,id_7fa2ee7bb3,project__9275ff924b
id_7b0b6ecfc5,id_dcaaeac652,id_7d40806506,project__52211da2a7
id_7b0b6ecfc5,id_88dad08239,id_4c8a99f276,project__59537db09b
id_7b0b6ecfc5,id_cf7e9d54f9,id_231ca59ddb,project__fcd71817ca
id_7b0b6ecfc5,id_44a7b97494,id_6292b1d8af,project__2e9e1428ce
id_7b0b6ecfc5,id_b7c127adff,id_326ab2f2e7,project__5a12746543
id_7b0b6ecfc5,id_8c63933c34,id_96238efa6f,project__62d1692b5a
id_7b0b6ecfc5,id_8b02c07934,id_990d1996fb,project__3620b4a9f0
id_7b0b6ecfc5,id_3e2ef33757,id_3e2ef33757,project__c90e7d7a0e
id_7b0b6ecfc5,id_5fea54574b,id_5fea54574b,project__8f010b2c34
id_7b0b6ecfc5,id_90162f61f4,id_90162f61f4,project__47b9004cd7
id_7b0b6ecfc5,id_713c7a28f2,id_713c7a28f2,project__49c64368f7
id_7b0b6ecfc5,id_19e31dc65b,id_c2b83ac9d9,project__18d48ec138
id_7b0b6ecfc5,id_e84faef3a0,id_c8cf91939c,project__6e29ad51d3
id_7b0b6ecfc5,id_13e801e365,id_f263f7d305,project__91cb19f4e1
id_7b0b6ecfc5,id_aa5ea99f61,id_aa5ea99f61,project__bb1f21e1bb
id_7b0b6ecfc5,id_1f16974598,id_e748c4cfa6,project__bc4869d341
id_7b0b6ecfc5,id_96e7ef3071,id_96e7ef3071,project__81b41d3de6
id_7b0b6ecfc5,id_4857f94fab,id_f5a6c9349f,project__17baaf7554
id_7b0b6ecfc5,id_f6015fac1c,id_5fc0d956ae,project__51cdf623dc
id_7b0b6ecfc5,id_0471b964f5,id_0471b964f5,project__6d57054fba
id_7b0b6ecfc5,id_d012fc55a0,id_d012fc55a0,project__e1b9196316
id_7b0b6ecfc5,id_ea0c13061f,id_ea0c13061f,project__83028ea7c2
id_7b0b6ecfc5,id_92e96abd86,id_87db57ed0b,project__dbffea87be
id_7b0b6ecfc5,id_28d326998f,id_227ba8c398,project__999b4e21dc
id_7b0b6ecfc5,id_19e31dc65b,id_19e31dc65b,project__af8c44b9fc
id_7b0b6ecfc5,id_0973f64e8e,id_da4fef149c,project__94fec6a77f
id_7b0b6ecfc5,id_0ad093d782,id_dc4918dec0,project__46a661de1e
id_7b0b6ecfc5,id_1d1266f6cd,id_1d1266f6cd,project__d132e8fbd0
id_7b0b6ecfc5,id_ddebdf5a1c,id_ddebdf5a1c,project__62d84eb99c
id_7b0b6ecfc5,id_84269b7a08,id_84269b7a08,project__b83180e688
id_7b0b6ecfc5,id_3d1741a4be,id_3d1741a4be,project__0660fc5184
id_7b0b6ecfc5,id_3be8bab040,id_3be8bab040,project__3a08b3b24d
id_7b0b6ecfc5,id_e0ebce2b09,id_e0ebce2b09,project__3852a2cfb0
id_7b0b6ecfc5,id_ac31c12e16,id_ac31c12e16,project__39f5d17a52
id_7b0b6ecfc5,id_c60685c0e5,id_c4013eeaff,project__f83453c229
id_7b0b6ecfc5,id_699ffb2b6a,id_6b1a5f5ce9,project__c73fb71651
id_7b0b6ecfc5,id_2202a6e92b,id_2202a6e92b,project__4b013cb16b
id_7b0b6ecfc5,id_14fecb9033,id_8e3d889234,project__3d4958918a
id_7b0b6ecfc5,id_45b325f936,id_45b325f936,project__cf8c73de19
id_7b0b6ecfc5,id_8cfdf59e42,id_58a54c5f03,project__d1eb0bdf34
id_7b0b6ecfc5,id_5c43e03b31,id_df0563a835,project__225fe11738
id_7b0b6ecfc5,id_6acb1bd8fa,id_6acb1bd8fa,project__ce853a349b
id_7b0b6ecfc5,id_6cbbe8c892,id_6cbbe8c892,project__d16a102bed
id_7b0b6ecfc5,id_aae7f3d95b,id_625d1e946a,project__b32823f124
id_7b0b6ecfc5,id_998102b351,id_3038a8aa29,project__5d77830c44
id_7b0b6ecfc5,id_9084c8c993,id_9084c8c993,project__f864736ea3
id_7b0b6ecfc5,id_1d220a0797,id_1d220a0797,project__cc34d2ccf6
id_7b0b6ecfc5,id_49b2f2ab49,id_450b3efc73,project__e0fce56636
id_7b0b6ecfc5,id_033f9cea7f,id_9caf648039,project__66c09a1ad0
id_7b0b6ecfc5,id_b7c127adff,id_205b0051c0,project__5a12746543
id_7b0b6ecfc5,id_c6b39b3efc,id_c6b39b3efc,project__955f6f8961
id_7b0b6ecfc5,id_f6015fac1c,id_f6015fac1c,project__51cdf623dc
id_7b0b6ecfc5,id_52cc623302,id_49b41a29e3,project__7b59ccbb50
id_7b0b6ecfc5,id_dcbb917c9d,id_dcbb917c9d,project__12bc02c134
id_7b0b6ecfc5,id_85d23d9990,id_85d23d9990,project__13e28d6015
id_7b0b6ecfc5,id_bf92b0b597,id_6496030310,project__763d553318
id_7b0b6ecfc5,id_4d77fdf189,id_7f692dce3c,project__fe502f8a24
id_7b0b6ecfc5,id_6f6c3d0d4a,id_a87e9dfb87,project__bba417e630
id_7b0b6ecfc5,id_3283f64a54,id_3283f64a54,project__6b32582caf
id_7b0b6ecfc5,id_0784816187,id_0784816187,project__7523a5942b
id_7b0b6ecfc5,id_9f16f2602c,id_96242a2346,project__4939a06de1
id_7b0b6ecfc5,id_4820b87113,id_4820b87113,project__2983a7f85b
id_7b0b6ecfc5,id_a90ea54d4a,id_d51e76cbe0,project__860658cd27
id_7b0b6ecfc5,id_dabc8efae5,id_dabc8efae5,project__eec11adf76
id_7b0b6ecfc5,id_2566902d9e,id_2566902d9e,project__d272fe5e45
id_7b0b6ecfc5,id_91e2f5ee75,id_91e2f5ee75,project__72db7cc470
id_7b0b6ecfc5,id_998102b351,id_998102b351,project__5d77830c44
id_7b0b6ecfc5,id_84269b7a08,id_cf07935709,project__b83180e688
id_7b0b6ecfc5,id_1fefe55490,id_1fefe55490,project__06d8b185e4
id_7b0b6ecfc5,id_0b028c4c6f,id_9b974b1518,project__813c618f36
id_7b0b6ecfc5,id_7ee5afd853,id_7ee5afd853,project__4ee7e55820
id_7b0b6ecfc5,id_a6ea126a02,id_a6ea126a02,project__689b974557
id_544d011932,id_5243184ce4,id_f0dbd239e7,project__b88ef354c4
id_7b0b6ecfc5,id_ceb4c168b3,id_04148af0a7,project__fda733f306
id_7b0b6ecfc5,id_0dc173d7ae,id_0dc173d7ae,project__9828710c3e
id_7b0b6ecfc5,id_d1af6d3a14,id_d1af6d3a14,project__3560111d21
id_7b0b6ecfc5,id_453c612d54,id_6e75d44d11,project__6a1465fde5
id_7b0b6ecfc5,id_d96f1685b8,id_a93fb5557f,project__64310f7a77
id_7b0b6ecfc5,id_27d75723c5,id_b682509803,project__afe930b3db
id_7b0b6ecfc5,id_1c24464007,id_1c24464007,project__4ee7e55820
id_7b0b6ecfc5,id_5db91ab092,id_6e75dead35,project__6e56a80eeb
id_7b0b6ecfc5,id_3df87d9c8a,id_20603ebd23,project__9ff35e0608
id_7b0b6ecfc5,id_0c8d0187d6,id_0c8d0187d6,project__cc3ec496b1
id_7b0b6ecfc5,id_e5bc050ee9,id_e5bc050ee9,project__0b279d082a
id_7b0b6ecfc5,id_81985425a6,id_c7c5936645,project__06519bad69
id_7b0b6ecfc5,id_ab3efb08fd,id_a89a71314b,project__bc201929d9
id_7b0b6ecfc5,id_ea0c13061f,id_57de8d32f3,project__83028ea7c2
id_7b0b6ecfc5,id_4cf64482d9,id_276267d749,project__39222f6680
id_7b0b6ecfc5,id_ef19077f19,id_ef19077f19,project__6676db64dd
id_7b0b6ecfc5,id_d8272a22fe,id_a1fb071a2b,project__1658ac1bd6
id_7b0b6ecfc5,id_75940e4c06,id_75940e4c06,project__7c13e1616b
id_7b0b6ecfc5,id_2a69e7125e,id_595710f1da,project__a232e86e93
id_7b0b6ecfc5,id_caf69b2ff4,id_4d9528a277,project__3e82a2fcb5
id_7b0b6ecfc5,id_0b028c4c6f,id_5fe93b881a,project__2cd0d5c966
id_7b0b6ecfc5,id_84c797231b,id_06e0b97f18,project__5832a2d489
id_7b0b6ecfc5,id_b4142c4bef,id_7f5ee8c663,project__3c1c98cccc
id_7b0b6ecfc5,id_c9d1ca8309,id_7fe58958b3,project__cf2cf1d10c
id_7b0b6ecfc5,id_ab3efb08fd,id_ab3efb08fd,project__bc201929d9
id_7b0b6ecfc5,id_a36974aa57,id_3d8f47feef,project__ff431ec4ce
id_7b0b6ecfc5,id_a59e5ce2df,id_a59e5ce2df,project__3ca9f8a762
id_7b0b6ecfc5,id_a36974aa57,id_a36974aa57,project__ff431ec4ce
id_7b0b6ecfc5,id_a6ea126a02,id_5fe266f2ff,project__689b974557
id_7b0b6ecfc5,id_8485c6852c,id_6105ebb603,project__a44c8fcdbd
id_7b0b6ecfc5,id_d2e72ece27,id_b087faa04e,project__2e8530b169
id_7b0b6ecfc5,id_a1a0026cca,id_a1a0026cca,project__bac38361ea
id_7b0b6ecfc5,id_72b675b646,id_44f748601e,project__26d358d2c0
id_7b0b6ecfc5,id_31d2c5a547,id_c5514cd551,project__3e9e011a1b
id_7b0b6ecfc5,id_3786ace522,id_3786ace522,project__cb7e4123fd
id_7b0b6ecfc5,id_ea0c13061f,id_f843adc8fd,project__b29d338630
id_7b0b6ecfc5,id_2ae7755d4e,id_2ae7755d4e,project__22dbc41f1f
id_7b0b6ecfc5,id_878e1afb70,id_878e1afb70,project__330d901424
id_7b0b6ecfc5,id_59c40081f7,id_59c40081f7,project__315dabe7e8
id_7b0b6ecfc5,id_e8d513ada8,id_e8d513ada8,project__8879a47e87
id_7b0b6ecfc5,id_215c3b91fe,id_215c3b91fe,project__a657396418
id_7b0b6ecfc5,id_8f2ac41e93,id_c875b6d8d7,project__f7ee392bfd
id_7b0b6ecfc5,id_b9651ec59d,id_b9651ec59d,project__dcdf40d90d
id_7b0b6ecfc5,id_2eb1795033,id_7696143714,project__11a4e6fd3e
id_7b0b6ecfc5,id_b8c1c917b0,id_b8c1c917b0,project__c9682c6302
id_7b0b6ecfc5,id_3ac0aa388a,id_0665e8d3cb,project__769bbcc532
id_7b0b6ecfc5,id_4c298700f8,id_9676da854e,project__314660ad17
id_7b0b6ecfc5,id_8e8b9b0924,id_8e8b9b0924,project__698fc3edb5
id_7b0b6ecfc5,id_dc46039d00,id_dc46039d00,project__46fe15c43f
id_7b0b6ecfc5,id_6fb90dd0ed,id_6fb90dd0ed,project__ae813b6831
id_7b0b6ecfc5,id_610919024a,id_610919024a,project__24f12f72d6
id_7b0b6ecfc5,id_a4383adba1,id_d12799a0ad,project__ee84b279a3
id_7b0b6ecfc5,id_0efc7e1127,id_dc0b763132,project__2bf1f9f1c2
id_7b0b6ecfc5,id_0114bc9758,id_3a351ae836,project__9cb9bffe53
id_7b0b6ecfc5,id_3ac9fd6082,id_fc84f5d049,project__94fec6a77f
id_7b0b6ecfc5,id_2eb1795033,id_2eb1795033,project__11a4e6fd3e
id_7b0b6ecfc5,id_378b766915,id_47acb87ea0,project__fba07bcdc9
id_7b0b6ecfc5,id_215c3b91fe,id_268c689c9a,project__a657396418
id_7b0b6ecfc5,id_b8c1c917b0,id_b7213f9085,project__c9682c6302
id_7b0b6ecfc5,id_6fb90dd0ed,id_44a6e96569,project__ae813b6831
id_7b0b6ecfc5,id_f602461113,id_f602461113,project__2dc025de4f
id_7b0b6ecfc5,id_b2f3bcb3b0,id_c39cf7e709,project__a87ea3daa5
id_7b0b6ecfc5,id_bce85aadc0,id_bce85aadc0,project__02d62b06ea
id_7b0b6ecfc5,id_dd3ffecefc,id_ca5f2e1f24,project__8dd6f25165
id_7b0b6ecfc5,id_5b9ab5a634,id_fcdac786b9,project__48db39e415
id_7b0b6ecfc5,id_4a7b6a089e,id_717012bd8a,project__f4917262da
id_7b0b6ecfc5,id_e70abbdc5e,id_f5eb242029,project__9bd1eb96fa
id_7b0b6ecfc5,id_707e1e2aee,id_707e1e2aee,project__59d93fae11
id_7b0b6ecfc5,id_086db0fce5,id_931a051c8e,project__cb24ab1233
id_7b0b6ecfc5,id_f70e153a7a,id_dde26d584a,project__aa6468c75e
id_7b0b6ecfc5,id_4a7b6a089e,id_af1c8664e7,project__f4917262da
id_7b0b6ecfc5,id_e8d513ada8,id_d2cb667e3b,project__8879a47e87
id_7b0b6ecfc5,id_914e0a1bb3,id_5312e9cba7,project__60160c30a5
id_7b0b6ecfc5,id_2b0c163017,id_60c8eef525,project__32ccd8d7c6
id_7b0b6ecfc5,id_f575e24484,id_f575e24484,project__22a0864fca
id_7b0b6ecfc5,id_3ac9fd6082,id_80ddd6f41b,project__94fec6a77f
id_7b0b6ecfc5,id_5a9cfceb38,id_370230fc32,project__87ac0a9497
id_7b0b6ecfc5,id_699ffb2b6a,id_699ffb2b6a,project__c73fb71651
id_7b0b6ecfc5,id_aae7f3d95b,id_aae7f3d95b,project__b32823f124
id_7b0b6ecfc5,id_7f52f6e947,id_7f52f6e947,project__4aa92ff73b
id_7b0b6ecfc5,id_e2f535d67d,id_e2f535d67d,project__104df10062
id_7b0b6ecfc5,id_aa24c1bf78,id_aa24c1bf78,project__e53abcdc60
id_7b0b6ecfc5,id_dcaaeac652,id_f671bc9245,project__52211da2a7
id_7b0b6ecfc5,id_06ddadc599,id_f40172d84b,project__45a05b741b
id_7b0b6ecfc5,id_4d72b424a8,id_26721da9d6,project__02eb42bd6c
id_544d011932,id_8049cba74e,id_8049cba74e,project__dd6d2a26c6
id_7b0b6ecfc5,id_b30022be74,id_b30022be74,project__bb1f21e1bb
id_7b0b6ecfc5,id_8f2ac41e93,id_8f2ac41e93,project__f7ee392bfd
id_7b0b6ecfc5,id_981e8f8937,id_981e8f8937,project__ba58ec91e7
id_7b0b6ecfc5,id_58346f8272,id_58346f8272,project__7671c3ed17
id_7b0b6ecfc5,id_95fb68e352,id_a8aaeb53a5,project__451639119a
id_7b0b6ecfc5,id_95750c1072,id_95750c1072,project__7a668b622e
id_7b0b6ecfc5,id_eba5588342,id_eba5588342,project__1c0d29a734
id_7b0b6ecfc5,id_ac31c12e16,id_1336cfb745,project__39f5d17a52
id_7b0b6ecfc5,id_ec08db14ab,id_ec08db14ab,project__3bf078794b
id_7b0b6ecfc5,id_da8e709819,id_da8e709819,project__d933eea904
id_7b0b6ecfc5,id_707e1e2aee,id_89241af30a,project__59d93fae11
id_7b0b6ecfc5,id_50ae50cfcb,id_ad9207b7d5,project__c01c954208
id_7b0b6ecfc5,id_f7da16d99e,id_f7da16d99e,project__23e80cf486
id_7b0b6ecfc5,id_f70e153a7a,id_f70e153a7a,project__aa6468c75e
id_7b0b6ecfc5,id_5adb8ede67,id_534b6de64c,project__61c08dd8cf
id_7b0b6ecfc5,id_5b5550a02c,id_deaa692793,project__dd3927b936
id_7b0b6ecfc5,id_11a05658d8,id_abb433ab55,project__92c6c7c03d
id_7b0b6ecfc5,id_0abda81a48,id_0abda81a48,project__ad052cad43
id_7b0b6ecfc5,id_60e157a348,id_60e157a348,project__34f7f37747
id_7b0b6ecfc5,id_ca61d5b31c,id_65897ee73f,project__5126e94422
id_7b0b6ecfc5,id_d2e72ece27,id_d2e72ece27,project__2e8530b169
id_7b0b6ecfc5,id_e2f535d67d,id_47fc732f13,project__104df10062
id_7b0b6ecfc5,id_c8d2118f1e,id_c8d2118f1e,project__1c0d29a734
id_7b0b6ecfc5,id_91e2f5ee75,id_721a95199a,project__72db7cc470
id_7b0b6ecfc5,id_770709cd0c,id_81019e3979,project__db0327bd5d
id_7b0b6ecfc5,id_ebd527df95,id_ebd527df95,project__3771bf4b05
id_7b0b6ecfc5,id_5fac3b6b7b,id_264cc65772,project__692b158a49
id_7b0b6ecfc5,id_0b028c4c6f,id_0b028c4c6f,project__2cd0d5c966
id_7b0b6ecfc5,id_d353a20ccf,id_d353a20ccf,project__2ebf763dbc
id_7b0b6ecfc5,id_7a1ef18a9d,id_7a1ef18a9d,project__a497c42957
id_7b0b6ecfc5,id_36266974ec,id_187aedf4e2,project__8459ba63f8
id_7b0b6ecfc5,id_89c093c1c7,id_29fb210429,project__b8742e0792
id_7b0b6ecfc5,id_e797721b11,id_1079017fde,project__530808ab73
id_7b0b6ecfc5,id_cb1df20c83,id_1b188e06b6,project__0dbd3de788
id_7b0b6ecfc5,id_13e801e365,id_13e801e365,project__91cb19f4e1
id_7b0b6ecfc5,id_0ee7a5f0f0,id_9074f83d80,project__f7cf63e434
id_7b0b6ecfc5,id_d6a6147b56,id_278699159c,project__c85b68850a
id_7b0b6ecfc5,id_36266974ec,id_36266974ec,project__8459ba63f8
id_7b0b6ecfc5,id_be02f3d9f2,id_be02f3d9f2,project__22e7e6f429
id_7b0b6ecfc5,id_ca9282ca09,id_ca9282ca09,project__87187e2208
id_7b0b6ecfc5,id_6402bf7c8c,id_a6365a9439,project__8794df2836
id_7b0b6ecfc5,id_831609ad10,id_f680821c1d,project__215b79ebb5
id_7b0b6ecfc5,id_37222f9620,id_eb758bbd9f,project__b119c83099
id_7b0b6ecfc5,id_78f8ff46a9,id_78f8ff46a9,project__69d38ad1f7
id_7b0b6ecfc5,id_ec6bfb9191,id_ec6bfb9191,project__b4cd3aef30
id_7b0b6ecfc5,id_fd900d9181,id_fd900d9181,project__44a127143c
id_7b0b6ecfc5,id_d8272a22fe,id_d8272a22fe,project__1658ac1bd6
id_7b0b6ecfc5,id_e34c7935d3,id_4853c949ea,project__b1e27b5083
id_7b0b6ecfc5,id_939e9578ad,id_2fd0bafeb6,project__ee7ebebe83
id_7b0b6ecfc5,id_6fb90dd0ed,id_b3185d03c1,project__ae813b6831
id_7b0b6ecfc5,id_27f27aea8a,id_27f27aea8a,project__745530ddbd
id_7b0b6ecfc5,id_ea0c13061f,id_0fa8465e54,project__b29d338630
id_7b0b6ecfc5,id_3df87d9c8a,id_c6e7cd48bc,project__8b0e3d3cdc
id_7b0b6ecfc5,id_89c093c1c7,id_89c093c1c7,project__b8742e0792
id_7b0b6ecfc5,id_868011a78e,id_868011a78e,project__6abe353782
id_7b0b6ecfc5,id_30e984c13a,id_30e984c13a,project__a8c67ab4f7
id_7b0b6ecfc5,id_9e8301afcf,id_8b4a416e34,project__e80ff10963
id_7b0b6ecfc5,id_a59e5ce2df,id_23986a7875,project__3ca9f8a762
id_7b0b6ecfc5,id_ece1c649d3,id_ece1c649d3,project__735f7ed6ed
id_7b0b6ecfc5,id_9f801e9061,id_9f801e9061,project__1bce59145f
id_7b0b6ecfc5,id_e3d4b3b038,id_e3d4b3b038,project__44658a1cf1
id_7b0b6ecfc5,id_99fe410398,id_99fe410398,project__2ebf763dbc
id_7b0b6ecfc5,id_d062b6e11d,id_6a49b240ef,project__68e19dc462
id_7b0b6ecfc5,id_228d3e3435,id_228d3e3435,project__c48619408b
id_7b0b6ecfc5,id_2566902d9e,id_dc5d94cb31,project__d272fe5e45
id_7b0b6ecfc5,id_0efc7e1127,id_0efc7e1127,project__2bf1f9f1c2
id_7b0b6ecfc5,id_6476565d24,id_6476565d24,project__2304dbb62f
id_7b0b6ecfc5,id_e5a78f7cae,id_d561c63eee,project__fcd71817ca
id_7b0b6ecfc5,id_fd7382c613,id_fd7382c613,project__cfe03d80b3
id_7b0b6ecfc5,id_4d77fdf189,id_4d77fdf189,project__fe502f8a24
id_7b0b6ecfc5,id_5b9ab5a634,id_a65e09bae6,project__48db39e415
id_7b0b6ecfc5,id_2686f72fdc,id_253c316dff,project__7f979bb3a4
id_7b0b6ecfc5,id_e112842d28,id_e112842d28,project__5f257ce2eb
id_7b0b6ecfc5,id_cb1df20c83,id_f84e74c89c,project__88a2cc8fcd
id_7b0b6ecfc5,id_81985425a6,id_81985425a6,project__06519bad69
id_7b0b6ecfc5,id_735091f9c7,id_e8ae910081,project__f7001cf6c1
id_7b0b6ecfc5,id_a4383adba1,id_a4383adba1,project__ee84b279a3
id_7b0b6ecfc5,id_31a2cf69fa,id_31a2cf69fa,project__098336fb16
id_7b0b6ecfc5,id_4e6a6f4d98,id_4e6a6f4d98,project__bc303294ae
id_7b0b6ecfc5,id_120204b95c,id_623136472b,project__0e457e1883
id_7b0b6ecfc5,id_25cb815e10,id_25cb815e10,project__c79efa4463
id_7b0b6ecfc5,id_c345deabd0,id_4a01aa1a6d,project__70d5c7dff1
id_7b0b6ecfc5,id_735091f9c7,id_735091f9c7,project__f7001cf6c1
id_7b0b6ecfc5,id_33d3e4a3c5,id_33d3e4a3c5,project__c64d112ea8
id_544d011932,id_9ca1dea07e,id_9ca1dea07e,project__d8a5bb87a5
id_7b0b6ecfc5,id_fddba575e7,id_fddba575e7,project__eb78c32b56
id_7b0b6ecfc5,id_d7e4561c9d,id_41bb2a5877,project__3bc75144ce
id_7b0b6ecfc5,id_8b02c07934,id_6f34fb4664,project__3620b4a9f0
id_7b0b6ecfc5,id_e9ebc2c2c7,id_e382e0b29c,project__1e944b1b8b
id_7b0b6ecfc5,id_213b9b2028,id_213b9b2028,project__c6671e1cbc
id_7b0b6ecfc5,id_bbd6734a04,id_bbd6734a04,project__f3be52a2ec
id_7b0b6ecfc5,id_1312b5fccf,id_1312b5fccf,project__59fd14b7cc
id_7b0b6ecfc5,id_e04154f371,id_1c354dc442,project__5ee7c4d93a
id_7b0b6ecfc5,id_10ee4910d5,id_479358a4ae,project__0df76720ba
id_7b0b6ecfc5,id_97ec5c65d3,id_b851f1fd55,project__ad1de2f60e
id_7b0b6ecfc5,id_91f323be05,id_684ba6914c,project__cf7a2c1475
id_7b0b6ecfc5,id_2650b47c04,id_0b548a7bcc,project__a1d3405dcc
id_7b0b6ecfc5,id_2b0c163017,id_2b0c163017,project__32ccd8d7c6
id_7b0b6ecfc5,id_4d2f6bcf29,id_4d2f6bcf29,project__6e54983f35
id_7b0b6ecfc5,id_2591e718d9,id_d1e99cad5a,project__3e845b8eef
id_7b0b6ecfc5,id_18ba96fb3a,id_18ba96fb3a,project__1601d0be22
id_7b0b6ecfc5,id_31a2cf69fa,id_25b88ba162,project__098336fb16
id_7b0b6ecfc5,id_55728d6a67,id_55728d6a67,project__4ee7e55820
id_7b0b6ecfc5,id_3df87d9c8a,id_3df87d9c8a,project__9ff35e0608
id_7b0b6ecfc5,id_11d6e1d495,id_11d6e1d495,project__96a4ddb2e1
id_7b0b6ecfc5,id_4b478f84dc,id_58bd696150,project__2222d38c42
id_7b0b6ecfc5,id_bbb34ecd3a,id_bbb34ecd3a,project__c64d112ea8
id_7b0b6ecfc5,id_f6033a4ba2,id_f6033a4ba2,project__33a218ee57
id_7b0b6ecfc5,id_0a0a10c14f,id_3f5b1f16da,project__70f7f7e21d
id_7b0b6ecfc5,id_a4383adba1,id_821a8b273a,project__ee84b279a3
id_7b0b6ecfc5,id_ee51eb5a5d,id_d16e7acdf2,project__1c70aa7615
id_7b0b6ecfc5,id_5b26c11938,id_f55f8dcc84,project__eee737b765
id_7b0b6ecfc5,id_4ccea91a21,id_2c317ddfce,project__1d7787dccb
id_7b0b6ecfc5,id_0855547349,id_0855547349,project__7cb5804d05
id_7b0b6ecfc5,id_f09a86f0ce,id_baf6552c92,project__3571a0c821
id_7b0b6ecfc5,id_37222f9620,id_16bcaa3182,project__dfa475ed00
id_7b0b6ecfc5,id_50edab2fb3,id_eb642c9ea0,project__a232e86e93
id_7b0b6ecfc5,id_bc542f4ef6,id_7ca10445e0,project__7671c3ed17
id_7b0b6ecfc5,id_e634c3b516,id_e634c3b516,project__dac0634485
id_7b0b6ecfc5,id_0abda81a48,id_1ff02d9eb5,project__ad052cad43
id_7b0b6ecfc5,id_c17f6bd03f,id_04341ad327,project__2555e1596c
id_7b0b6ecfc5,id_e283a89717,id_e283a89717,project__22e7e6f429
id_7b0b6ecfc5,id_596e32032d,id_e1fb8df4a1,project__155f823353
id_7b0b6ecfc5,id_0e13ab523a,id_0e13ab523a,project__d2c5f993a9
id_7b0b6ecfc5,id_a35661379a,id_a35661379a,project__8f010b2c34
id_7b0b6ecfc5,id_6476565d24,id_212899cfa2,project__2304dbb62f
id_7b0b6ecfc5,id_8587bceb8a,id_2c5bb1bc3f,project__3d6d702415
id_7b0b6ecfc5,id_30e984c13a,id_13a4cc892f,project__a8c67ab4f7
id_7b0b6ecfc5,id_914e0a1bb3,id_914e0a1bb3,project__60160c30a5
id_7b0b6ecfc5,id_bc711496d7,id_bc711496d7,project__98ecd10fe7
id_7b0b6ecfc5,id_a80ace5d00,id_a80ace5d00,project__d1268053ce
id_7b0b6ecfc5,id_10ee4910d5,id_10ee4910d5,project__0df76720ba
id_7b0b6ecfc5,id_4099a04a88,id_d3f4b467f9,project__4ee7e55820
id_7b0b6ecfc5,id_beebffca25,id_beebffca25,project__cf85c4c419
id_7b0b6ecfc5,id_81778afa98,id_81778afa98,project__f06ab62b9c
id_7b0b6ecfc5,id_090a25f913,id_193c6eb90b,project__dc2dbbfa81
id_7b0b6ecfc5,id_885fd78264,id_885fd78264,project__0d36cfbe94
id_7b0b6ecfc5,id_033f9cea7f,id_033f9cea7f,project__66c09a1ad0
id_7b0b6ecfc5,id_d91c22a4b0,id_d91c22a4b0,project__166835ff65
id_7b0b6ecfc5,id_7e9e286753,id_7e9e286753,project__87ac0a9497
id_7b0b6ecfc5,id_8c465958a9,id_d724194bcd,project__ea9d20e0f8
id_7b0b6ecfc5,id_0c8d0187d6,id_a6f01a06bc,project__cc3ec496b1
id_7b0b6ecfc5,id_5db91ab092,id_5db91ab092,project__6e56a80eeb
id_7b0b6ecfc5,id_4f71c24be7,id_4f71c24be7,project__b7d3e9e18a
id_7b0b6ecfc5,id_05b5cfd8ef,id_05b5cfd8ef,project__c0161a6d48
id_7b0b6ecfc5,id_964815a684,id_964815a684,project__1ab8d98557
id_7b0b6ecfc5,id_f6033a4ba2,id_d6915d7def,project__33a218ee57
id_544d011932,id_d99f05480c,id_d99f05480c,project__06b6dd3d04
id_7b0b6ecfc5,id_b9fc5c485f,id_c07441f9c1,project__c3eb688afc
id_7b0b6ecfc5,id_b33cb4efed,id_b33cb4efed,project__bc2640c59f
id_7b0b6ecfc5,id_50f478e31d,id_4b29436c73,project__22a0864fca
id_7b0b6ecfc5,id_459ee8cb26,id_459ee8cb26,project__f317057e64
id_7b0b6ecfc5,id_cf483d84b5,id_cf483d84b5,project__96cc1362a8
id_7b0b6ecfc5,id_e6818b52c0,id_e6818b52c0,project__bf726bde64
id_7b0b6ecfc5,id_7fa2ee7bb3,id_059a96b0d0,project__9275ff924b
id_7b0b6ecfc5,id_cff49b6f1a,id_c6c46f9769,project__9cc1d2b3ae
id_7b0b6ecfc5,id_08bdf4db20,id_9150c4c5ab,project__b18381f537
id_7b0b6ecfc5,id_1e047f1223,id_1e047f1223,project__8a23ccb6d3
id_7b0b6ecfc5,id_a121e41d5b,id_a121e41d5b,project__50f18c6de8
id_7b0b6ecfc5,id_e398a59ce5,id_e398a59ce5,project__94fec6a77f
id_7b0b6ecfc5,id_35f20862ed,id_35f20862ed,project__b731c2094a
id_7b0b6ecfc5,id_ec5802b861,id_ec5802b861,project__547c1eed21
id_7b0b6ecfc5,id_120204b95c,id_120204b95c,project__0e457e1883
id_7b0b6ecfc5,id_4a149a83cc,id_98925652f0,project__c629f82989
id_7b0b6ecfc5,id_15d671ec9f,id_15d671ec9f,project__ba58ec91e7
id_7b0b6ecfc5,id_92e96abd86,id_92e96abd86,project__dbffea87be
id_7b0b6ecfc5,id_1f5f66f0c0,id_37f23d587a,project__682dfa6aec
id_7b0b6ecfc5,id_13e801e365,id_7056a7f372,project__a3dba9e551
id_7b0b6ecfc5,id_966070e989,id_966070e989,project__7bb477de0a
id_7b0b6ecfc5,id_08bdf4db20,id_08bdf4db20,project__b18381f537
id_7b0b6ecfc5,id_5b26c11938,id_5b26c11938,project__eee737b765
id_7b0b6ecfc5,id_98d41522be,id_98d41522be,project__98ecd10fe7
id_7b0b6ecfc5,id_df508758a8,id_df508758a8,project__ec97616537
id_7b0b6ecfc5,id_e520214366,id_e520214366,project__63727b2f87
id_7b0b6ecfc5,id_885fd78264,id_2311bf672d,project__0d36cfbe94
id_7b0b6ecfc5,id_2a2c038d50,id_2a2c038d50,project__577f0e6f0c
id_7b0b6ecfc5,id_d3d7822b08,id_d3d7822b08,project__5a5d00652e
id_7b0b6ecfc5,id_0031f5d368,id_0031f5d368,project__a232e86e93
id_7b0b6ecfc5,id_939baeb600,id_29665a0ba0,project__07cfdea8c3
id_7b0b6ecfc5,id_948af37336,id_58fafe98a3,project__ce2c2c7993
id_7b0b6ecfc5,id_3b2e5083a3,id_3b2e5083a3,project__d38e08a13e
id_7b0b6ecfc5,id_52cc623302,id_52cc623302,project__7b59ccbb50
id_7b0b6ecfc5,id_98c83474d2,id_d1ecc68945,project__d0a5f92975
id_7b0b6ecfc5,id_feafdf7cbd,id_5c7761330c,project__19306abc87
id_7b0b6ecfc5,id_71190513c6,id_2e6dadddaf,project__da9d15223b
id_7b0b6ecfc5,id_c3c08b91df,id_08dfd42407,project__577c9a189d
id_7b0b6ecfc5,id_eed8e25307,id_eed8e25307,project__eaf21ddd7c
id_7b0b6ecfc5,id_707e1e2aee,id_667b21ac25,project__59d93fae11
id_7b0b6ecfc5,id_25cb815e10,id_bf86c80ad6,project__c79efa4463
id_7b0b6ecfc5,id_3df87d9c8a,id_1d2b5b9bea,project__8b0e3d3cdc
id_7b0b6ecfc5,id_a9735ee174,id_9d5014b73b,project__55a37f3ae1
id_7b0b6ecfc5,id_260014254a,id_584e2440b4,project__6c9c30e0ee
id_7b0b6ecfc5,id_8c41fb553a,id_bd602f4576,project__ca0c2b3185
id_7b0b6ecfc5,id_a2a5fa61c1,id_9847f8a728,project__c32d5f880c
id_7b0b6ecfc5,id_dcaaeac652,id_dcaaeac652,project__52211da2a7
id_7b0b6ecfc5,id_f86e46b392,id_f86e46b392,project__c8c4b67043
id_7b0b6ecfc5,id_a2c15c9930,id_cf729914a9,project__f671e834b4
id_7b0b6ecfc5,id_05df5a850f,id_5328a26ad7,project__8afa9db84d
id_7b0b6ecfc5,id_037e21a7e6,id_037e21a7e6,project__3bc1d2a9fe
id_7b0b6ecfc5,id_5c43e03b31,id_8287318609,project__976d7bbed0
id_7b0b6ecfc5,id_38e316fb03,id_5d91c2462b,project__acc84e47ca
id_7b0b6ecfc5,id_02d924ca8f,id_02d924ca8f,project__655675ac87
id_7b0b6ecfc5,id_5a9814f6ba,id_3acf5b0ff0,project__9c20dd07ab
id_7b0b6ecfc5,id_fd5db4ce4a,id_50e9e59dd0,project__3feb64398b
id_7b0b6ecfc5,id_e0e1b0be3d,id_e0e1b0be3d,project__52fa97e142
id_7b0b6ecfc5,id_cf483d84b5,id_3518ef6046,project__96cc1362a8
id_7b0b6ecfc5,id_9c2a5ecaea,id_9c2a5ecaea,project__8de268945c
id_7b0b6ecfc5,id_0e13ab523a,id_f6e589f267,project__d2c5f993a9
id_7b0b6ecfc5,id_84269b7a08,id_993cefb593,project__b83180e688
id_7b0b6ecfc5,id_6fb90dd0ed,id_bf7b128318,project__ae813b6831
id_7b0b6ecfc5,id_5e4d3f20a2,id_16e87b9e70,project__d26b32825e
id_7b0b6ecfc5,id_4820b87113,id_4cbde1a3bc,project__2983a7f85b
id_7b0b6ecfc5,id_aab60ffcb8,id_aab60ffcb8,project__547c1eed21
id_7b0b6ecfc5,id_297ad25e93,id_b3531ac0c7,project__b9a2666fbc
id_7b0b6ecfc5,id_42a7c1b5f8,id_346bd2d550,project__d74331af2f
id_7b0b6ecfc5,id_7a1ef18a9d,id_44d7482e64,project__a497c42957
id_7b0b6ecfc5,id_a9922848b9,id_5c901e91bd,project__186d3c7e84
id_7b0b6ecfc5,id_19e31dc65b,id_53589bc245,project__af8c44b9fc
id_7b0b6ecfc5,id_8c465958a9,id_f3a8b527a1,project__ea9d20e0f8
id_7b0b6ecfc5,id_a2c15c9930,id_a2c15c9930,project__877d202013
id_7b0b6ecfc5,id_6c365f9dfa,id_6c365f9dfa,project__734d73cfbb
id_7b0b6ecfc5,id_301b0327de,id_41ead214d1,project__8bce95e9be
id_7b0b6ecfc5,id_e5a78f7cae,id_b7a710486d,project__fcd71817ca
id_7b0b6ecfc5,id_29e9b14834,id_bc60d6e20c,project__fcc9a557d8
id_7b0b6ecfc5,id_817da4fb15,id_6ac32dd890,project__6c8115b7ed
id_7b0b6ecfc5,id_1cc3650946,id_4727da471d,project__6e5c1ed82c
id_7b0b6ecfc5,id_572e7d9f99,id_9cb4e2205b,project__d31cca47d3
id_7b0b6ecfc5,id_0e4b0a1edc,id_6075c1019d,project__a77347add7
id_7b0b6ecfc5,id_0855547349,id_9676a42b10,project__7cb5804d05
id_7b0b6ecfc5,id_a121e41d5b,id_de8d710d3b,project__50f18c6de8
id_7b0b6ecfc5,id_44a7b97494,id_44a7b97494,project__2e9e1428ce
id_7b0b6ecfc5,id_2127d116bf,id_2127d116bf,project__715eb7fe62
id_7b0b6ecfc5,id_441377ef9e,id_404789da63,project__4c8cf570b7
id_7b0b6ecfc5,id_5e4d3f20a2,id_7e30aea7c3,project__b57fea5ed3
id_7b0b6ecfc5,id_2d30931f0f,id_2d30931f0f,project__eca877602b
id_7b0b6ecfc5,id_8db5f86199,id_8db5f86199,project__4637369f6e
id_7b0b6ecfc5,id_678573205b,id_678573205b,project__38ffea7ac3
id_7b0b6ecfc5,id_b4142c4bef,id_70f03054c4,project__e85f9f6cdf
id_7b0b6ecfc5,id_5e4d3f20a2,id_e1b7db012b,project__d26b32825e
id_7b0b6ecfc5,id_d944d7194d,id_d944d7194d,project__65c7ef07d0
id_7b0b6ecfc5,id_a9922848b9,id_a9922848b9,project__186d3c7e84
id_7b0b6ecfc5,id_032e98506a,id_032e98506a,project__4d9be13dab
id_7b0b6ecfc5,id_935b052c3b,id_a644a33086,project__c9d0b13e62
id_7b0b6ecfc5,id_b370a95078,id_b370a95078,project__8cfaf44896
id_7b0b6ecfc5,id_af37cf05c3,id_1c489eedbd,project__f0e83ddb2c
id_7b0b6ecfc5,id_4c4b32f299,id_4c4b32f299,project__056c4f5d9d
id_544d011932,id_57274c38d9,id_57274c38d9,project__6a7c50038c
id_7b0b6ecfc5,id_546286f82f,id_da2261ab57,project__27b0ce5b13
id_7b0b6ecfc5,id_ea0c13061f,id_e447280231,project__09e58288ae
id_7b0b6ecfc5,id_e5a78f7cae,id_cb0babc600,project__fcd71817ca
id_7b0b6ecfc5,id_d64939a4a9,id_5111654972,project__3b98b84462
id_7b0b6ecfc5,id_e0e1b0be3d,id_e87b084a2b,project__52fa97e142
id_7b0b6ecfc5,id_96e7ef3071,id_207acafc4d,project__81b41d3de6
id_7b0b6ecfc5,id_698d5f8994,id_af4b18b27c,project__29a5b74a40
id_7b0b6ecfc5,id_b720f09002,id_e01066955f,project__75c54a67be
id_7b0b6ecfc5,id_d86ad63872,id_d86ad63872,project__b6d2808442
id_7b0b6ecfc5,id_acbe9198df,id_acbe9198df,project__2c893283ac
id_7b0b6ecfc5,id_84c797231b,id_84c797231b,project__5832a2d489
id_7b0b6ecfc5,id_a30d0804f9,id_a30d0804f9,project__9b7571c91d
id_7b0b6ecfc5,id_d866d94dc3,id_d866d94dc3,project__23e80cf486
id_7b0b6ecfc5,id_4099a04a88,id_bcad55889c,project__4ee7e55820
id_7b0b6ecfc5,id_b373d7b1fb,id_b373d7b1fb,project__f406b1d74f
id_7b0b6ecfc5,id_5c43e03b31,id_2808b0d7b1,project__976d7bbed0
id_7b0b6ecfc5,id_aaeff1718c,id_aaeff1718c,project__a232e86e93
id_7b0b6ecfc5,id_90fdaacc80,id_90fdaacc80,project__7604a0657f
id_7b0b6ecfc5,id_f48630f8ef,id_f48630f8ef,project__deb74406b6
id_7b0b6ecfc5,id_ef19077f19,id_82e70e4afe,project__6676db64dd
id_7b0b6ecfc5,id_2beeac99cd,id_2beeac99cd,project__8dcaf7ec4b
id_7b0b6ecfc5,id_ca7ee14680,id_a7ffbe663c,project__e3ce6f20b3
id_7b0b6ecfc5,id_3e7fc0868c,id_3e7fc0868c,project__3bc1d2a9fe
id_7b0b6ecfc5,id_b1c46c30db,id_9aa5350c89,project__dde66fd3de
id_7b0b6ecfc5,id_3c5eaae873,id_6b31c46196,project__50d4b23bc4
id_7b0b6ecfc5,id_07c95ade16,id_07c95ade16,project__c42fde20a2
id_7b0b6ecfc5,id_e83910eaec,id_e83910eaec,project__bf726bde64
id_7b0b6ecfc5,id_311878869f,id_0fc103baf4,project__c88f5f640f
id_7b0b6ecfc5,id_a80ace5d00,id_a629ff7bc2,project__d1268053ce
id_7b0b6ecfc5,id_0a0a10c14f,id_0a0a10c14f,project__70f7f7e21d
id_7b0b6ecfc5,id_a92c4e170f,id_a92c4e170f,project__f2e7cd0330
id_7b0b6ecfc5,id_ee66ae6727,id_33719017fe,project__a6b26e9510
id_7b0b6ecfc5,id_6ab5c9ed11,id_684865b986,project__22754fb348
id_7b0b6ecfc5,id_aa1147ec24,id_aa1147ec24,project__fc7a9dd17b
id_7b0b6ecfc5,id_cf7f8223a1,id_25a5f1681d,project__6db8a15762
id_7b0b6ecfc5,id_41f689a69b,id_41f689a69b,project__460974b534
id_7b0b6ecfc5,id_1399cf0f34,id_1399cf0f34,project__0e4758bc4d
id_7b0b6ecfc5,id_43a8d78b23,id_e0ea77b18d,project__eef6955cac
id_7b0b6ecfc5,id_4099a04a88,id_a8e5a896c0,project__4ee7e55820
id_7b0b6ecfc5,id_2e35935288,id_ee121a4919,project__f1873650c9
id_7b0b6ecfc5,id_e3a4165920,id_3fe8493087,project__b360c352be
id_7b0b6ecfc5,id_a05d4140fe,id_a05d4140fe,project__4ee7e55820
id_7b0b6ecfc5,id_4cf64482d9,id_4cf64482d9,project__39222f6680
id_7b0b6ecfc5,id_ffff439486,id_7ee50eae8b,project__16ffdc39c4
id_7b0b6ecfc5,id_0f10700cec,id_0f10700cec,project__cb24ab1233
id_7b0b6ecfc5,id_9084c8c993,id_5597779537,project__f864736ea3
id_7b0b6ecfc5,id_50edab2fb3,id_50edab2fb3,project__a232e86e93
id_7b0b6ecfc5,id_37222f9620,id_0b13867ec9,project__dfa475ed00
id_7b0b6ecfc5,id_e1489c2ba2,id_4bd8edee64,project__5c4a15990f
id_7b0b6ecfc5,id_6fb90dd0ed,id_01515354a4,project__ae813b6831
id_7b0b6ecfc5,id_6402bf7c8c,id_6402bf7c8c,project__8794df2836
id_7b0b6ecfc5,id_28754d6a0d,id_28754d6a0d,project__12bc02c134
id_7b0b6ecfc5,id_72b675b646,id_72b675b646,project__26d358d2c0
id_7b0b6ecfc5,id_2a69e7125e,id_957231e4dc,project__a232e86e93
id_7b0b6ecfc5,id_5db91ab092,id_c8334b4db1,project__6e56a80eeb
id_7b0b6ecfc5,id_72bef3880c,id_72bef3880c,project__86f09ec54b
id_7b0b6ecfc5,id_e1489c2ba2,id_e1489c2ba2,project__5c4a15990f
id_7b0b6ecfc5,id_ec10960fab,id_32aac746db,project__61fb9fea4c
id_7b0b6ecfc5,id_8d19e6b023,id_8d19e6b023,project__a63a691110
id_7b0b6ecfc5,id_9fe94710bd,id_c9c08706b1,project__7523a5942b
id_7b0b6ecfc5,id_3d1741a4be,id_47f7a56d2c,project__0660fc5184
id_7b0b6ecfc5,id_67fef0d994,id_67fef0d994,project__6e5c1ed82c
id_7b0b6ecfc5,id_2d30931f0f,id_3bf136c7f4,project__eca877602b
id_7b0b6ecfc5,id_4212c87303,id_4212c87303,project__a38f1fbf17
id_7b0b6ecfc5,id_bc542f4ef6,id_2392ce9d4f,project__7671c3ed17
id_7b0b6ecfc5,id_1afb1d6c2b,id_1afb1d6c2b,project__df52be914d
id_7b0b6ecfc5,id_651662ca4f,id_651662ca4f,project__a4acd77749
id_7b0b6ecfc5,id_b699895f58,id_b699895f58,project__b9b1e3e6c3
id_7b0b6ecfc5,id_c9d1ca8309,id_c9d1ca8309,project__cf2cf1d10c
id_7b0b6ecfc5,id_84269b7a08,id_af2c5209c7,project__b83180e688
id_7b0b6ecfc5,id_4e79adae40,id_4e79adae40,project__be15d6e7b7
id_7b0b6ecfc5,id_28770e5548,id_28770e5548,project__48bf951b4a
id_7b0b6ecfc5,id_2a69e7125e,id_2a69e7125e,project__a232e86e93
id_7b0b6ecfc5,id_e25560b022,id_f7483e2cc8,project__dbecc584c8
id_7b0b6ecfc5,id_91f323be05,id_91f323be05,project__cf7a2c1475
id_7b0b6ecfc5,id_5edf940fe0,id_5edf940fe0,project__4262395247
id_7b0b6ecfc5,id_e25560b022,id_e25560b022,project__dbecc584c8
id_7b0b6ecfc5,id_9f801e9061,id_dd09e3c531,project__1bce59145f
id_7b0b6ecfc5,id_fe6634de86,id_fe6634de86,project__3cb10d9604
id_7b0b6ecfc5,id_a4383adba1,id_698ee1dd03,project__ee84b279a3
id_7b0b6ecfc5,id_5e4d3f20a2,id_5e4d3f20a2,project__955f6f8961
id_7b0b6ecfc5,id_f777aa3159,id_be4b3ce70f,project__a232e86e93
id_7b0b6ecfc5,id_a8b34f8ae2,id_37508a862b,project__c53ca378f2
id_7b0b6ecfc5,id_3073e738f7,id_4d4c011559,project__58eeb02fe4
id_7b0b6ecfc5,id_35f20862ed,id_3720368f03,project__b731c2094a
id_7b0b6ecfc5,id_20f4f62b1f,id_3cae3213b6,project__4561e892ee
id_7b0b6ecfc5,id_bf92b0b597,id_72da20a7d8,project__763d553318
id_7b0b6ecfc5,id_d7e4561c9d,id_d7e4561c9d,project__3bc75144ce
id_7b0b6ecfc5,id_8a8b8dbb55,id_8a8b8dbb55,project__e72344106d
id_7b0b6ecfc5,id_697edadc0a,id_511da461e0,project__7e74c5c4e6
